id,name,council,ward
1,John Cox,Aberdeenshire,Banff and District
2,Laurie Carnie,Aberdeenshire,Mearns
3,Mark Findlater,Aberdeenshire,Troup
6,Andy Gascoyne,Ashfield,Selston
7,Cathy Mason,Ashfield,Carsic
9,Bill Barrett,Ashford,Singleton East
10,Mark Shooter,Barnet,Hendon
11,Matt Turner,Bassetlaw,Sturton
12,Warren Limber,Bassetlaw,Beckingham
16,Carol Wood,Bolsover,Bolsover South
17,Jonathan Noble,Boston,Trinity
18,Michael Westman,Breckland,Thetford Priory
19,Robin Hunter-Clarke,Breckland,Hermitage
20,Scott Hussey,Breckland,Bedingfeld
21,Owain Clatworthy,Bridgend,"Pyle, Kenfig Hill and Cefn Cribwr"
22,Giles Hall,Broxbourne,Flamstead End
23,Siobhan Monaghan,Broxbourne,Cheshunt South and Theobalds
24,Cameron Anderson,Buckinghamshire,"Berryfields, Buckingham Park & Watermead"
25,Cole Caesar,Buckinghamshire,Burnham
26,Kathy Gibbon,Buckinghamshire,"Bierton, Kingsbrook & Wing"
27,Daniel Sutherland,Calderdale,Illingworth and Mixenden
38,Reg Kain,Cheshire East,Alsager
39,Graham Heatley,Cheshire West and Chester,Gowy Rural
41,Martin Topp,Chorley,Chorley East
42,Angus Black,Cornwall,Calstock
43,Anna Thomason-Kenyon,Cornwall,"Constantine, Mabe & Mawnan"
44,Bruce Craze,Cornwall,"Four Lanes, Beacon & Troon"
45,Christine Parsonage,Cornwall,St Columb Minor & Colan
46,Cliff Crawford,Cornwall,Illogan & Portreath
47,Elaine Kist,Cornwall,St Stephen-in-Brannel
48,Ian Wilson,Cornwall,"Fowey, Tywardreath & Par"
49,Jack Yelland,Cornwall,St Austell Central & Gover
50,Jamie Hanlon,Cornwall,Penwithick & Boscoppa
51,Jim Gale,Cornwall,Lynher
52,Julie Cunningham,Cornwall,St Mewan & Grampound
53,Karen Knight,Cornwall,Camborne West & Treswithian
54,Keith Johnson,Cornwall,Saltash Tamar
55,Kevin Grey,Cornwall,Liskeard Central
56,Kevin Towill,Cornwall,Newquay Porth & Tretherras
57,Louise Blackman,Cornwall,Perranporth
58,Paul Ashton,Cornwall,St Austell Poltair & Mount Charles
59,Paul Cador,Cornwall,Saltash Trematon & Landrake
60,Peter Channon,Cornwall,Hayle West
61,Richard Barker,Cornwall,"St Newlyn East, Cubert & Goonhavern"
62,Rob Heslington,Cornwall,Gwinear-Gwithian & Hayle East
63,Rob Parsonage,Cornwall,Torpoint
64,Roger Tarrant,Cornwall,Redruth North
65,Rowland O'Connor,Cornwall,"St Columb Major, St Mawgan & St Wenn"
66,Sally Harrison,Cornwall,Redruth South
67,Sean Smith,Cornwall,St Cleer & Menheniot
68,Steve Trevelyan,Cornwall,Roche & Bugle
69,Susanne Desmonde,Cornwall,Pool & Tehidy
70,Michael Brown,Dartford,Greenhithe & Knockhall
71,Adrian Hunter,Derbyshire,Wirksworth
72,Alan Graves,Derbyshire,Aston
73,Alex Millward,Derbyshire,Linacre & Loundsley Green
74,Carol Wood,Derbyshire,Bolsover
75,Charlotte Gates,Derbyshire,Swanwick & Riddings
76,Charlotte Hill,Derbyshire,Melbourne & Woodville
77,Dan Price,Derbyshire,Ilkeston North
78,Darran Furness,Derbyshire,"Codnor, Aldercar, Langley Mill & Loscoe"
79,Darren Muizelaar,Derbyshire,"North Wingfield, Pilsley & Morton"
80,David Elsdon,Derbyshire,Killamarsh & Renishaw
81,David Harvey,Derbyshire,Hardwick
82,Dawn Abbott,Derbyshire,Staveley
83,Jack Bradley,Derbyshire,Long Eaton North
84,Jamie Hodgson,Derbyshire,Eckington & Coal Aston
85,Jason Isherwood,Derbyshire,Etherow
86,Jodie Brown,Derbyshire,Long Eaton South
87,John Lawson,Derbyshire,Breaston
88,Joseph Turrell,Derbyshire,Swadlincote West
89,Joss Barnes,Derbyshire,Dunston
90,Kevin Harper,Derbyshire,Barlborough & Clowne
91,Lewis Whitbread,Derbyshire,Hasland & Rother
92,Mark Chambers,Derbyshire,Ripley West & Crich
93,Mark Cliff,Derbyshire,Staveley North & Whittington
94,Martin Bromley,Derbyshire,Swadlincote East
95,Matthew Benfield,Derbyshire,Repton & Stenson
96,Melandra Smith,Derbyshire,Buxton North & East
97,Nephi Somerville,Derbyshire,South Normanton & Pinxton
98,Nick Adams,Derbyshire,Dovedale & Ashbourne North
99,Paul Oxberry,Derbyshire,Swadlincote South
100,Paul Parkin,Derbyshire,Shirland & Wingerworth South
101,Peter Mathews,Derbyshire,Heanor
102,Richard Hatfield,Derbyshire,Ilkeston Central
103,Richard Morgan,Derbyshire,Horsley
104,Richard Smith,Derbyshire,Brimington
105,Robert Reaney,Derbyshire,Sutton
106,Roy Hallett,Derbyshire,Elmton with Creswell & Whitwell
107,Sam Redfern,Derbyshire,Hilton
108,Sarah Reaney,Derbyshire,Shirebrook & Pleasley
109,Simon Mabbott,Derbyshire,Ilkeston South & Kirk Hallam
110,Stephen Reed,Derbyshire,Clay Cross & Tupton
111,Stuart Bent,Derbyshire,Alfreton & Somercotes
112,Tony Wilson,Derbyshire,Ripley East
113,Angela Nash,Devon,Wonford & St. Loyes
114,Edward Hill,Devon,Pinhoe & Mincinglake
115,Heather Horner,Devon,Ipplepen & The Kerswells
116,Helen Brown,Devon,Exmouth
117,Jacqueline Fry,Devon,Newton Abbot North
118,James Grainger,Devon,Okehampton Rural
119,Lynne Rowsell,Devon,Holsworthy Rural
120,Mark Barry,Devon,Bideford East
121,Michael Cook,Devon,Yelverton Rural
122,Mick Cockerham,Devon,Newton Abbot South
123,Nat Vanstone,Devon,Broadclyst
124,Neale Raleigh,Devon,Tiverton East
125,Neil Stevens,Devon,Alphington & Cowick
126,Richard Hopley,Devon,South Molton
127,Robin Julian,Devon,Bideford West & Hartland
128,Sue Davies,Devon,Hatherleigh & Chagford
129,Tony Dempster,Devon,Kingsteignton & Teign Estuary
130,Tony Stevens,Devon,Exwick & St. Thomas
131,Alexander Jones,Doncaster,Edenthorpe & Kirk Sandall
132,Antony Dodds,Doncaster,Mexborough
133,Brendan Megaw,Doncaster,Mexborough
134,Chris Kidger,Doncaster,Bessacarr
135,Christopher Marriott,Doncaster,Armthorpe
136,Craig Ward,Doncaster,Roman Ridge
137,Dan Dawson,Doncaster,Hatfield
138,Dave Knight,Doncaster,Thorne & Moorends
139,David Carroll,Doncaster,Bessacarr
140,Frank Jackson,Doncaster,Norton & Askern
141,Gerald Squire,Doncaster,Norton & Askern
142,Glyn Whiting,Doncaster,Thorne & Moorends
143,Guy Aston,Doncaster,Wheatley Hills & Intake
144,Howard Rimmer,Doncaster,Roman Ridge
145,Ioan-Emanuel Craciun,Doncaster,Balby South
146,Jackie Dudley,Doncaster,Tickhill & Wadsworth
147,Jason Charity,Doncaster,Conisbrough
148,Joan Briggs,Doncaster,Edlington & Warmsworth
149,John Reed,Doncaster,Mexborough
150,Karl Hughes,Doncaster,Stainforth & Barnby Dun
151,Kieran Lay,Doncaster,Thorne & Moorends
152,Maria Hollingworth,Doncaster,Adwick le Street & Carcroft
153,Mark Broadhurst,Doncaster,Hatfield
154,Neil Wood,Doncaster,Stainforth & Barnby Dun
155,Nick Pritchard,Doncaster,Armthorpe
156,Nick Smith,Doncaster,Hatfield
157,Nicola Brown,Doncaster,Adwick le Street & Carcroft
158,Oliver Bloor,Doncaster,Sprotbrough
159,Paul Cutts,Doncaster,Wheatley Hills & Intake
160,Rachel Reed,Doncaster,Conisbrough
161,Rebecca Booth,Doncaster,Bentley
162,Russ Linley,Doncaster,Hexthorpe & Balby North
163,Samuel Booth,Doncaster,Bentley
164,Stephen Barnett,Doncaster,Edlington & Warmsworth
165,Steven Plater,Doncaster,Adwick le Street & Carcroft
166,Vicky Lawson,Doncaster,Norton & Askern
167,William Shaw,Doncaster,Conisbrough
168,Aaron Hillam,Durham,Craghead & South Moor
169,Adrian Schulman,Durham,Crook
170,Andrew Eales,Durham,Aycliffe South
171,Andrew Harrison,Durham,Seaham
172,Andrew Husband,Durham,Chester-le-Street North
173,Andrew Kilburn,Durham,Benfieldside
174,Brian Quirey,Durham,Pelton
175,Cathy Hunt,Durham,Willington & Hunwick
176,Chris Fairs,Durham,Seaham
177,Christine Blatchford,Durham,Stanley
178,Craig Marshall,Durham,Derwent & Pont Valley
179,Darren Grimes,Durham,Annfield Plain & Tanfield
180,David Cumming,Durham,Murton
181,David Walton,Durham,Stanley
182,Dawn Bellingham,Durham,Horden & Dene House
183,Dawn Saunders,Durham,Peterlee
184,Emma Hunt,Durham,Willington & Hunwick
185,Gavin Brydon,Durham,Derwent & Pont Valley
186,George Anderson,Durham,Dalton & Dawdon
187,Howard Brown,Durham,Easington & Shotton
188,Ian Catchpole,Durham,Sedgefield
190,Jack McGlenen,Durham,Dalton & Dawdon
191,Jackie Teasdale,Durham,Delves Lane
192,James Pickard,Durham,Sacriston & Witton Gilbert
193,James Stephenson,Durham,Shildon & Dene Valley
194,Jasmine Fox,Durham,Lower Teesdale
195,Jillian Campbell,Durham,Lower Teesdale
196,Joe Quinn,Durham,Ferryhill
197,John Bailey,Durham,Easington & Shotton
198,John Cook,Durham,Craghead & South Moor
199,John Cottier,Durham,Horden & Dene House
200,John Grant,Durham,Aycliffe South
201,John Kinvig,Durham,Bishop Auckland
202,Karen Allison,Durham,Annfield Plain & Tanfield
203,Kate Rowland,Durham,Shildon & Dene Valley
204,Kenny Hope,Durham,Delves Lane
205,Kyle Genner,Durham,Bowburn & Coxhoe
206,Louise Taylor,Durham,Easington & Shotton
207,Lyndsey Fox,Durham,Bishop Auckland
208,Mark Rowney,Durham,Murton
209,Mary-Lynn Franklin,Durham,Trimdon & Wingate
210,Matt Burnard,Durham,Deerness
211,Michael Ramage,Durham,Shildon & Dene Valley
212,Neil Craggs,Durham,Thornley & Wheatley Hill
213,Nick Brown,Durham,West Auckland
214,Nicola Lyons,Durham,Tudhoe
215,Nicole Brown,Durham,Aycliffe South
216,Paul Bean,Durham,Crook
217,Paul Mountford,Durham,Ferryhill
218,Rhys Burriss,Durham,Pittington & Sherburn
219,Robbie Rodiss,Durham,Crook
220,Robert Potts,Durham,Evenwood
221,Saffron Sims-Brydon,Durham,Derwent & Pont Valley
222,Sandra Grindle,Durham,Benfieldside
223,Scott Woodhouse,Durham,Castle Eden & Passfield
224,Sean Healy,Durham,Deerness
225,Stephen Bowron,Durham,Chilton
226,Stephen Gray,Durham,West Auckland
227,Steve Biggs,Durham,Pelton
228,Steven Franklin,Durham,Peterlee
230,Tim McGuinness,Durham,Aycliffe North & Middridge
231,Tim Robson,Durham,Sacriston & Witton Gilbert
232,Tom Redmond,Durham,Bishop Auckland
233,Graham McAndrew,East Hertfordshire,Bishop's Stortford Thorley Manor
234,Terry Smith,East Hertfordshire,Braughing & Standon
235,Danny Brookes,East Lindsey,Winthorpe
236,Jimmy Brookes,East Lindsey,Burgh le Marsh
238,Harrison Allman-Varty,Elmbridge,Oatlands and Burwood Park
239,Jaymey McIvor,Epping Forest,Ongar
242,Tony Payne,Exeter,Mincinglake and Whipton
243,Claire Brown,Falkirk,Upper Braes
244,David Wimble,Folkestone and Hythe,New Romney
245,Stuart Graham,Forest of Dean,Cinderford East
246,Thomas Kerr,Glasgow City,Shettleston
247,Chris Mayo,Gloucestershire,Quedgeley
248,Dean Botterill,Gloucestershire,Stonehouse
249,Jason Preece,Gloucestershire,Grange & Kingsway
250,Leigh Challis,Gloucestershire,Coleford
252,Michael Rees,Gloucestershire,Cam Valley
253,Piers Camp,Gloucestershire,Drybrook & Lydbrook
254,Ray Donaghue,Gloucestershire,Cinderford
255,Stuart Graham,Gloucestershire,Mitcheldean
256,Vernon Gray,Gloucestershire,Tuffley & Moreland
257,Vernon Smith,Gloucestershire,Tewkesbury West
258,Paul Jago,Harlow,Mark Hall
261,Vicky Rhodes,Havant,Leigh Park Hermitage
263,Christopher Wright,Hertfordshire,Hemel Hempstead St. Pauls
264,David Herring,Hertfordshire,Hemel Hempstead North West
266,Janet Bainbridge,Hertfordshire,Broadwater
267,Mark Biddle,Hertfordshire,Welwyn Garden City South
269,Michael Blissett,Hertfordshire,Harpenden South West
270,Peter Colley,Hertfordshire,Bedwell
271,Saul Jacob,Hertfordshire,Borehamwood South
272,Simon Rhodes,Hertfordshire,Borehamwood North
274,Tony Hill,Hertfordshire,Flamstead End & Turnford
275,Wendy Rouse,Hertfordshire,Shephall
276,Caroline Gladwin,Isle of Wight,Central Rural
277,David Maclean,Isle of Wight,Lake North
278,Adrian Kibble,Kent,Whitstable East & Herne Bay West
279,Alan Cecil,Kent,Wilmington
280,Albert Thorp,Kent,Dover Town
281,Amelia Randall,Kent,Birchington & Rural
282,Ben Fryer,Kent,Dartford North East
283,Beverley Fordham,Kent,Dartford West
284,Bill Barrett,Kent,Ashford Rural South
285,Brian Black,Kent,Maidstone Rural South
286,Brian Collins,Kent,Ashford Rural East
287,Bridget Porter,Kent,Dover North
288,Chris Burwash,Kent,Deal & Walmer
289,Chris Palmer,Kent,Sittingbourne North
290,Christopher Hespe,Kent,Elham Valley
291,Daniel Taylor,Kent,Cliftonville
292,David Wimble,Kent,Romney Marsh
293,Dean Burns,Kent,Ashford East
294,Dean Truder,Kent,Swanley
295,Diane Morton,Kent,Gravesham Rural
296,Dodger Sian,Kent,Malling North
297,Garry Sturley,Kent,Gravesend East
298,Georgia Foster,Kent,Gravesend East
299,Isabella Kemp,Kent,Sheppey
300,James Defriend,Kent,Dover Town
301,Jamie Henderson,Kent,Margate
302,Jeremy Eustace,Kent,Ashford Rural West
303,John Baker,Kent,Folkestone West
304,John Finch,Kent,Broadstairs
305,Linden Kemkaran,Kent,Maidstone South East
306,Luke Evans,Kent,Birchington & Rural
307,Marc Logen,Kent,Sevenoaks North & Darent Valley
308,Mark Mulvihill,Kent,Herne Village & Sturry
309,Martin Paul,Kent,Deal & Walmer
310,Mary Lawes,Kent,Folkestone East
311,Matthew Moat,Kent,Northfleet & Gravesend West
312,Maxine Fothergill,Kent,Sevenoaks Rural North East
313,Maxwell Harrison,Kent,Sheppey
314,Michael Brown,Kent,Dartford Rural
315,Nick Wibberley,Kent,Ashford South
316,Oliver Bradshaw,Kent,Maidstone Central
317,Pamela Williams,Kent,Ashford Central
318,Paul Chamberlain,Kent,Herne Bay East
319,Paul King,Kent,Dover West
320,Paul Thomas,Kent,Maidstone South
321,Paul Webb,Kent,Sittingbourne South
322,Peter Evans,Kent,Sandwich
323,Peter Osborne,Kent,Hythe West
324,Richard Palmer,Kent,Swale West
325,Robert Ford,Kent,Maidstone Rural West
326,Robert Mayall,Kent,Sevenoaks Rural South
327,Ryan Waters,Kent,Dartford East
328,Sarah Emberson,Kent,Maidstone Rural East
329,Sharon Roots,Kent,Northfleet & Gravesend West
330,Spencer Dixon,Kent,Maidstone Rural North
331,Terry Mole,Kent,Ramsgate
332,Thomas Mallon,Kent,Swanscombe & Greenhithe
333,Trevor Shonk,Kent,Ramsgate
334,Wayne Chapman,Kent,Tenterden
335,Julian Kirk,King's Lynn and West Norfolk,"Walsoken, West Walton & Walpole"
336,Peter Hodson,King's Lynn and West Norfolk,Denver
337,Alice Jones,Lancashire,Fleetwood West & Cleveleys West
338,Andy Blake,Lancashire,Moss Side & Farington
339,Ashley Joynes,Lancashire,Accrington South
340,Brian Moore,Lancashire,Morecambe South
341,Clive Balchin,Lancashire,Mid-Rossendale
342,Daniel Matchett,Lancashire,Whitworth & Bacup
343,David Dwyer,Lancashire,Fylde South
344,David Shaw,Lancashire,Fleetwood East
345,Eddie Kutavicius,Lancashire,Burnley South West
346,Ella Worthington,Lancashire,Skelmersdale West
347,Ellie Close,Lancashire,Leyland South
349,Gary Kniveton,Lancashire,Morecambe Central
350,Gaynor Hargreaves,Lancashire,Oswaldtwistle
351,Ged Mirfin,Lancashire,Ribble Valley North East
352,Graeme Austin,Lancashire,Heysham
353,Graham Dalton,Lancashire,Lancaster Rural North
354,Hannah Whalley,Lancashire,Leyland Central
355,Ian Duxbury,Lancashire,Longridge with Bowland
356,James Crawford,Lancashire,Cleveleys East
357,James Tomlinson,Lancashire,Wyre Rural East
358,Jan Schofield,Lancashire,Cleveleys South & Carleton
359,Joanne Ash,Lancashire,Rossendale South
360,Joel Tetlow,Lancashire,Accrington North
361,John Clemson,Lancashire,Hoghton with Wheelton
362,Jordan Fox,Lancashire,"Great Harwood, Rishton & Clayton-le-Moors"
363,Joshua Roberts,Lancashire,Fylde East
364,Lance Parkinson,Lancashire,"Great Harwood, Rishton & Clayton-le-Moors"
365,Lee Hutchinson,Lancashire,Chorley South
366,Leon Graham,Lancashire,West Lancashire West
367,Liam Thomson,Lancashire,Burnley Central West
369,Luke Parker,Lancashire,Preston East
370,Mackenzie Ritson,Lancashire,Rossendale East
371,Maria Jones,Lancashire,Preston Rural
372,Marion Atkinson,Lancashire,Pendle Central
373,Mark Poulton,Lancashire,Burnley Rural
374,Mark Wade,Lancashire,Chorley Rural West
375,Martin Topp,Lancashire,Chorley North
376,Martyn Sutton,Lancashire,Skerton
377,Matthew Salter,Lancashire,Wyre Rural Central
378,Nathan McCollum,Lancashire,Pendle Rural
379,Nigel Alderson,Lancashire,Thornton & Hambleton
380,Nigel Swales,Lancashire,Skelmersdale East
381,Rick Edwards,Lancashire,Burscough & Rufford
382,Russell Walsh,Lancashire,Morecambe North
383,Shaun Crimmins,Lancashire,Lancaster Rural East
384,Simon Evans,Lancashire,Skelmersdale Central
385,Simon Gummer,Lancashire,Lostock Hall & Bamber Bridge
386,Stephen Atkinson,Lancashire,Ribble Valley South West
387,Tom Lord,Lancashire,South Ribble West
388,Tom Pickup,Lancashire,Padiham & Burnley West
389,Warren Goldsworthy,Lancashire,Clitheroe
390,Adam Tilbury,Leicestershire,Forest & Measham
391,Andrew Hamilton-Gray,Leicestershire,Loughborough North West
392,Andrew Innes,Leicestershire,Melton East
393,Andrew Thorp,Leicestershire,Narborough & Whetstone
394,Bill Piper,Leicestershire,Broughton Astley
395,Carl Abbott,Leicestershire,Stoney Stanton & Croft
396,Charles Pugsley,Leicestershire,Castle Donington & Kegworth
397,Charles Whitford,Leicestershire,"Markfield, Desford & Thornton"
398,Dan Harrison,Leicestershire,Ashby de la Zouch
399,Graham Cooke,Leicestershire,Cosby & Countesthorpe
400,Harrison Fowler,Leicestershire,Bruntingthorpe
401,Helen Butler,Leicestershire,Shepshed
402,John Bloxham,Leicestershire,Blaby & Glen Parva
403,John McDonald,Leicestershire,South & West Wigston
404,Joseph Boam,Leicestershire,Whitwick
405,Kerry Knight,Leicestershire,Melton West
406,Kevin Crook,Leicestershire,"Glenfields, Kirby Muxloe & Leicester Forests"
407,Kim Robinson,Leicestershire,Braunstone
408,Linda Danks,Leicestershire,Rothley & Mountsorrel
409,Martin England,Leicestershire,Earl Shilton
410,Michael Squires,Leicestershire,Valley
411,Paul Harrison,Leicestershire,Coalville South
412,Paul Rudkin,Leicestershire,Quorn & Barrow
413,Peter Morris,Leicestershire,Loughborough North
414,Virge Richichi,Leicestershire,Ibstock & Appleby
415,Matthew Wallens,Lichfield,Curborough
416,Adrian Findley,Lincolnshire,Skegness North
417,Alan Woodruff,Lincolnshire,Eagle & Hykeham West
418,Alex McGonigle,Lincolnshire,Louth Wolds
419,Alistair Arundell,Lincolnshire,Boston Coastal
420,Barry Daish,Lincolnshire,Boston South
421,Bayleigh Robinson,Lincolnshire,Saltfleet & the Cotes
422,Brenda Collier,Lincolnshire,Birchwood
423,Cain Parkinson,Lincolnshire,Grantham East
424,Carl Edgoose-Zagorskiy,Lincolnshire,Grantham South
425,Christopher Reeve,Lincolnshire,Scotter Rural
426,Courtney Robinson,Lincolnshire,Mablethorpe
427,Danny Brookes,Lincolnshire,Ingoldmells Rural
428,David East,Lincolnshire,Heckington
429,Ingrid Sheard,Lincolnshire,Spalding Elloe
430,James Bean,Lincolnshire,North Wolds
431,Jane King,Lincolnshire,Donington Rural
432,Jane Smith,Lincolnshire,Welton Rural
433,Jimmy Brookes,Lincolnshire,Skegness South
434,Kenneth Bamford,Lincolnshire,Hough
435,Kenneth Redfern,Lincolnshire,Bourne South and Thurlby
436,Liam Kelly,Lincolnshire,Swallow Beck & Witham
437,Maggie Cullen,Lincolnshire,Boston North
438,Manzur Hasan,Lincolnshire,Spalding West
439,Maria Hume,Lincolnshire,Wainfleet
440,Michael Cheyne,Lincolnshire,Boston West
441,Mike Beecham,Lincolnshire,Alford & Sutton
442,Natalie Oliver,Lincolnshire,Woodhall Spa & Wragby
443,Neil Carey,Lincolnshire,Holbeach Rural
444,Nick Hastings,Lincolnshire,Louth North
445,Paul Lock,Lincolnshire,Boston Rural
446,Paul Wimhurst,Lincolnshire,Gainsborough Rural South
447,Philip Roberts,Lincolnshire,Horncastle & the Keals
448,Raymond Condell,Lincolnshire,Crowland
449,Raymond Whitaker,Lincolnshire,Sleaford Rural
450,Richard Litchfield,Lincolnshire,Grantham Barrowby
451,Robbie Woods,Lincolnshire,The Suttons
452,Robert Gibson,Lincolnshire,Spalding East
453,Sam French,Lincolnshire,Skirbeck
454,Sean Matthews,Lincolnshire,Tattershall Castle
455,Steve Clegg,Lincolnshire,Sleaford
456,Stuart Grantham,Lincolnshire,Hartsholme
457,Thomas Catton,Lincolnshire,Louth South
458,Thomas Sneath,Lincolnshire,Holbeach
459,Trevor Bridgwood,Lincolnshire,Bardney & Cherry Willingham
460,Barry Answer,Mansfield,Rufford
461,Martin Wright,Mansfield,Holly Forest Town
462,Mick Barton,Mansfield,Maun Valley Forest Town
463,David Finch,Medway,Rochester East & Warren Wood
464,John Vye,Medway,Rochester East & Warren Wood
466,David Bick,Norfolk,Thetford West
467,Julian Kirk,Norfolk,Marshland North
468,Matthew McLean,North Ayrshire,Irvine South
469,Stewart Ferguson,North Ayrshire,Ardrossan
470,Stephen Reed,North East Derbyshire,Killamarsh East
471,Oliver Freeston,North East Lincolnshire,Croft Baker
472,Andy Sims,North Northamptonshire,Finedon
473,Ash Hall,North Northamptonshire,Pemberton
474,Barry O'Brien,North Northamptonshire,Gretton & Weldon
475,Brendon Lovell-Moore,North Northamptonshire,Geddington & Stanion
476,Brian Benneyworth,North Northamptonshire,Rothwell & Mawsley
477,Chris Kellett,North Northamptonshire,Rothwell & Mawsley
478,Chris McGiffen,North Northamptonshire,Pemberton
479,Chris Munday,North Northamptonshire,Croyland & Swanspool
480,Darren Rance,North Northamptonshire,Brickhill & Queensway
481,David Donnelly,North Northamptonshire,Corby West
482,Denis McLean,North Northamptonshire,Pipers Hill
483,Eddie McDonald,North Northamptonshire,Gretton & Weldon
484,Elizabeth Wright,North Northamptonshire,Raunds
485,Frank Kilgallon,North Northamptonshire,Oakley
486,Gavin Beales,North Northamptonshire,Brickhill & Queensway
487,Gordon Dunsmuir,North Northamptonshire,Irchester
488,Graham Cheatley,North Northamptonshire,Kingswood
489,Gregory Wilcox,North Northamptonshire,Irthlingborough
490,Helen Campbell,North Northamptonshire,Kingswood
491,Jack Goncalvez,North Northamptonshire,Rushden Lakes
492,Jan O'Hara,North Northamptonshire,Barton Seagrave & Burton Latimer
493,John Lumsden,North Northamptonshire,Oakley
494,Jonathan Carvetta,North Northamptonshire,Brickhill & Queensway
495,Joseph Garner,North Northamptonshire,Thrapston
496,Julie Howe,North Northamptonshire,Avondale Grange
497,Julie Lumsden,North Northamptonshire,Corby West
498,Keith Clarke,North Northamptonshire,Rushden Lakes
499,Ken Harrington,North Northamptonshire,Hatton Park
500,Kirk Harrison,North Northamptonshire,Raunds
501,Leon Gibbs,North Northamptonshire,Barton Seagrave & Burton Latimer
502,Martin Griffiths,North Northamptonshire,Croyland & Swanspool
503,Matt Davies,North Northamptonshire,Irthlingborough
504,Maurice Eglin,North Northamptonshire,Barton Seagrave & Burton Latimer
505,Paul Brooke,North Northamptonshire,Hatton Park
506,Robert Bloom,North Northamptonshire,Lloyds & Corby Village
507,Steve Clark,North Northamptonshire,Rushden South
508,Trevor Conway,North Northamptonshire,Oakley
509,Vinnie Whitrow,North Northamptonshire,Hatton Park
510,Vlaho Radin,North Northamptonshire,Kingswood
511,Stuart Davies,North Somerset,Wick St Lawrence & St Georges
512,Steve Watson,North Warwickshire,Atherstone Central
513,Sue Guilmant,North Warwickshire,Arley and Whitacre
514,Tony Saffell,North West Leicestershire,Castle Donington Castle
515,Mike Jordan,North Yorkshire,Camblesforth & Carlton
516,Arty Hume,Northumberland,Amble
517,Barry Elliott,Northumberland,Newsham
518,Ben Audsley,Northumberland,Newbiggin-by-the-Sea
519,David FitzGerald,Northumberland,Choppington & Hepscott
520,David Johnson,Northumberland,Isabella
521,David Swinhoe,Northumberland,Plessey
522,Denise Nicholson,Northumberland,Bebside & Kitty Brewster
523,John Allen,Northumberland,Hirst
524,Karl Green,Northumberland,Seaton with Spital
525,Mark Peart,Northumberland,Croft
526,Martin Jackson,Northumberland,Stakeford
527,Natalie Rolls,Northumberland,Wensleydale
529,Patrick Lambert,Northumberland,Norham & Islandshires
530,Pauline Davidson,Northumberland,Amble West with Warkworth
531,Rick Baker,Northumberland,Cowpen
532,Roger Spriddell,Northumberland,Sleekburn
533,Scott Amery,Northumberland,Bothal
534,Shaun Knowles,Northumberland,Cramlington South West
535,Sonia Simm,Northumberland,Haydon
536,Stephen Flower,Northumberland,Hartley
537,Steven Roberts,Northumberland,College with North Seaton
538,Trevor Austin,Northumberland,Bedlington East
539,Alan Bite,Nottinghamshire,Ashfields
540,Andy McCormack,Nottinghamshire,Warsop
541,Barry Answer,Nottinghamshire,Mansfield West
542,Bert Bingham,Nottinghamshire,Worksop West
543,Brian Wheatcroft,Nottinghamshire,Mansfield West
544,Cathy Mason,Nottinghamshire,Sutton North
545,Christopher Adegoke,Nottinghamshire,Hucknall West
546,Daniel Saban,Nottinghamshire,Retford West
547,David Clark,Nottinghamshire,Ollerton
549,Desmond Clarke,Nottinghamshire,Newark West
550,Faz Choudhury,Nottinghamshire,Mansfield South
551,Glyn Pepper,Nottinghamshire,Greasley & Brinsley
552,Hana John,Nottinghamshire,Blyth & Harworth
553,James Gamble,Nottinghamshire,Sherwood Forest
554,James Rawson,Nottinghamshire,Nuthall & Kimberley
555,James Walker-Gurley,Nottinghamshire,Eastwood
556,Jan Goold,Nottinghamshire,Stapleford & Broxtowe Central
557,Jim Vernon,Nottinghamshire,Carlton West
558,Jody Stoll,Nottinghamshire,Calverton
559,John Doddy,Nottinghamshire,Stapleford & Broxtowe Central
560,John Semens,Nottinghamshire,Arnold North
561,Joseph Rich,Nottinghamshire,Sutton Central & East
562,Kelvin Wright,Nottinghamshire,Worksop South
563,Kev Dale,Nottinghamshire,Worksop North
564,Kevin Brown,Nottinghamshire,Mansfield South
565,Martin Wright,Nottinghamshire,Mansfield East
567,Mike Robertson,Nottinghamshire,Misterton
568,Paul Brill,Nottinghamshire,Carlton West
569,Richard Darrington,Nottinghamshire,Hucknall South
570,Richard Lowe,Nottinghamshire,"Toton, Chilwell & Attenborough"
571,Richard Ward,Nottinghamshire,Blidworth
573,Russell Dodd,Nottinghamshire,Worksop East
574,Simon Wright,Nottinghamshire,Kirkby North
575,Stuart Matthews,Nottinghamshire,Leake & Ruddington
576,Terry Cox,Nottinghamshire,Sutton West
577,Warren Limber,Nottinghamshire,Tuxford
578,Wendy Lukacs,Nottinghamshire,Arnold North
579,Hao Du,Oxfordshire,Didcot South
580,Marion Atkinson,Pendle,Vivary Bridge
585,Alec Leishman,Renfrewshire,Erskine and Inchinnan
586,John Gray,Renfrewshire,Renfrew North and Braehead
605,Bente Height,Somerset,Shepton Mallet
606,Marcus Barr,Somerset,Wellington
607,Ingrid Sheard,South Holland,Spalding Monks House
608,Jane King,South Holland,"Donington, Quadring and Gosberton"
609,Manzur Hasan,South Holland,Spalding St John's
610,Robert Gibson,South Holland,Spalding St Paul's
611,Thomas Sneath,South Holland,"Moulton, Weston and Cowbit"
612,Poppy Corbett,South Lanarkshire,Clydesdale West
613,Ross Lambie,South Lanarkshire,Clydesdale South
614,Tony Cox,Southend-on-Sea,West Shoebury
615,Darryl Jones,Southend-on-Sea,Southchurch
616,John Pinnington,St. Helens,Sutton South East
617,Victor Floyd,St. Helens,Blackbrook
618,Adam Griffiths,Staffordshire,Newcastle South
619,Alex Hunt,Staffordshire,Chadsmoor
620,Andrew Clissett,Staffordshire,Burntwood North
621,Andrew Mynors,Staffordshire,Stafford Trent Valley
622,Anthony Screen,Staffordshire,Kidsgrove
623,Antonia Orlandi-Fantini,Staffordshire,Stafford South West
624,Barry Martin,Staffordshire,Stretton
625,Bob Egginton,Staffordshire,Biddulph South & Endon
626,Charlotte Kelly,Staffordshire,Leek Rural
627,Chris Gilbert,Staffordshire,Stafford North
628,Chris Large,Staffordshire,Brewood
629,Craig Humphreyson,Staffordshire,Penkridge
630,Daniel Cecil,Staffordshire,"Norton Canes, Heath Hayes & Wimblebury"
631,Gary Bentley,Staffordshire,Cheadle & Checkley
632,Gary Hales,Staffordshire,Uttoxeter Rural
633,Gordon Munro,Staffordshire,Wilnecote
634,Hayley Coles,Staffordshire,The Heaths
635,Helen Arnold,Staffordshire,Newcastle Rural
636,Ian Cooper,Staffordshire,Perrycrofts
637,James Hodges,Staffordshire,Perton
638,Janet Higgins,Staffordshire,Lichfield Rural West
639,Jon Pendleton,Staffordshire,Etching Hill & The Heath
640,Lynn Dean,Staffordshire,May Bank & Wolstanton
641,Marie Shortland,Staffordshire,Wombourne
642,Mark Nixon,Staffordshire,Silverdale & Knutton
643,Martin Murray,Staffordshire,Cannock Town
644,Martin Rogerson,Staffordshire,Talke & Red Street
645,Matthew Wallens,Staffordshire,Lichfield City North
646,Michael Carver,Staffordshire,Burton Town
647,Michelle Woods,Staffordshire,Great Wurley & Essington
648,Mike Broom,Staffordshire,Biddulph North
649,Neil Parton,Staffordshire,Brereton & Ravenhill
650,Nicholas Lakin,Staffordshire,Bradwell & Porthill
651,Nicholas Thompson,Staffordshire,The Cotes/Two Rivers
652,Patrick Allen,Staffordshire,Uttoxeter Town
653,Paul Jones,Staffordshire,Hednesford North
654,Paul Williams,Staffordshire,Stafford Central
655,Peter Mason,Staffordshire,Burton South
656,Rhys Machin,Staffordshire,Audley & Chesterton
657,Rhys Mandry,Staffordshire,"Hawks Green, Rawnsley & Cannock Wood"
658,Robin Hall,Staffordshire,Burntwood South
659,Sean Bagguley,Staffordshire,Stone Rural North
660,Sonny Edwards,Staffordshire,Leek South
661,Su Beardmore,Staffordshire,Churnet Valley
662,Thomas Baker,Staffordshire,"Cheslyn Hay Village, Featherstone & Shareshill"
663,Tracey Dougherty,Staffordshire,Lichfield Rural East
664,Warwick McKenzie,Staffordshire,Caverswall
665,Wayne Luca,Staffordshire,Watling
666,Wayne Titley,Staffordshire,Eccleshall & Gnosall
667,Sarah Whalley-Hoggins,Stratford-on-Avon,Brailes & Compton
668,Christopher Hudson,Suffolk,Belstead Brook
669,Chris Palmer,Swale,"Hartlip, Newington and Upchurch"
670,Kieran Mishchuk,Swale,Milton Regis
671,Lloyd Chapman,Swale,"Bobbing, Iwade and Lower Halstow"
672,Peter MacDonald,Swale,Minster Cliffs
673,Richard Palmer,Swale,"Hartlip, Newington and Upchurch"
675,Stephen Horner,Teignbridge,Teignmouth West
676,Aimee Keteca,Tendring,The Bentleys & Frating
677,Bradley Thompson,Tendring,West Clacton & Jaywick Sands
678,James Codling,Tendring,Bluehouse
679,Jeff Bray,Tendring,Little Clacton
680,Michael Bush,Tendring,The Oakleys & Wix
681,Peter Harris,Tendring,Weeley & Tendring
682,Richard Everett,Tendring,Frinton
683,Peter Evans,Thanet,Thanet Villages
684,Alan Benson,Thurrock,Ockendon
685,Alex Anderson,Thurrock,Stanford East and Corringham Town
686,Russell Cherry,Thurrock,Ockendon
691,Heather Asker,Uttlesford,Saffron Walden Castle
692,Anne-Marie Sonko,Warwickshire,Earl Craven
693,Chris Morris,Warwickshire,Bedworth West
694,Dale Bridgewater,Warwickshire,Camp Hill
695,Dan Glover,Warwickshire,New Bilton & Overslade
696,Darren Cheshire,Warwickshire,Nuneaton East
697,Edward Harris,Warwickshire,Baddesley & Dordon
698,George Finch,Warwickshire,Bedworth Central
699,James Crocker,Warwickshire,Arden
700,Jennifer Warren,Warwickshire,Hartshill & Mancetter
701,John Waine,Warwickshire,Bulkington & Whitestone
702,Luke Cooper,Warwickshire,Studley
703,Luke Shingler,Warwickshire,Galley Common
704,Michael Bannister,Warwickshire,Nuneaton Abbey
705,Neil Garland,Warwickshire,Bedworth North
706,Nigel Golby,Warwickshire,Stockingford
707,Rob Howard,Warwickshire,Attleborough
708,Robert Aitkenhead,Warwickshire,Coleshill North & Water Orton
709,Robert Gisbourne,Warwickshire,Atherstone
710,Scott Cameron,Warwickshire,Coleshill South & Arley
711,Stan Carvell,Warwickshire,Bedworth East
712,Stephen Shaw,Warwickshire,Polesworth
714,Wayne Briggs,Warwickshire,Arbury
715,Adam Smith,West Northamptonshire,Hackleton & Roade
716,Adrian Cartwright,West Northamptonshire,Headlands
717,Adrian Little,West Northamptonshire,Towcester
718,Alexander McMurtry,West Northamptonshire,Daventry South
719,Andrew Last,West Northamptonshire,Brackley
720,Anthony Lock,West Northamptonshire,Daventry South
721,Anthony Owens,West Northamptonshire,"Far Cotton, Delapre & Briar Hill"
722,Cameron Emery,West Northamptonshire,Headlands
723,Caroline Phillips,West Northamptonshire,Kingsthorpe South
724,Charlie Hastie,West Northamptonshire,Woodford & Weedon
725,Craig Morris,West Northamptonshire,Nene Valley
726,Daniel Rainbird,West Northamptonshire,Kingsthorpe North
727,David Gaskell,West Northamptonshire,Kingsthorpe South
728,Debra King,West Northamptonshire,Campion
729,Glenn Butcher,West Northamptonshire,Hunsbury
730,Hayley Adkins,West Northamptonshire,Duston
731,Ivan Dabbs,West Northamptonshire,Deanshanger & Paulerspury
732,James Petter,West Northamptonshire,"Far Cotton, Delapre & Briar Hill"
733,Jasmine Rainbird,West Northamptonshire,Duston
734,Jeffrey Johnson,West Northamptonshire,Blackthorn & Rectory Farm
735,Joanne Blythe,West Northamptonshire,Headlands
736,John East,West Northamptonshire,Dallington Spencer
737,John Slope,West Northamptonshire,Moulton
738,Kamala Guliyeva,West Northamptonshire,Daventry South
739,Kathryn Shaw,West Northamptonshire,Upton
740,Laura Couse,West Northamptonshire,Nene Valley
741,Mark Arnull,West Northamptonshire,Kingsthorpe North
742,Mark Deakes,West Northamptonshire,Billing
743,Michael Stratton,West Northamptonshire,Upton
744,Nicholas Humphries,West Northamptonshire,Kingsley & Semilong
745,Nigel Berrill,West Northamptonshire,Kingsthorpe North
746,Nigel Stansfield,West Northamptonshire,Parklands
747,Peter York,West Northamptonshire,Moulton
748,Richard Butler,West Northamptonshire,Brackley
749,Richard Pipes,West Northamptonshire,Daventry North West
750,Ronald Firman,West Northamptonshire,Hunsbury
751,Scott Packer,West Northamptonshire,Talavera
752,Silas Hays,West Northamptonshire,Billing
753,Susan Gaskell,West Northamptonshire,Moulton
754,Thomas Manning,West Northamptonshire,Talavera
755,Trefor Hughes,West Northamptonshire,Nene Valley
756,Vincent Clive,West Northamptonshire,Duston
757,Andrew Baldwin,West Sussex,Holbrook
758,Gary Markwell,West Sussex,Arundel & Courtwick
759,Paul Linehan,West Sussex,Bramber Castle
760,Trevor Bence,West Sussex,Fontwell
761,Augusta Urquhart-Nicholls,Wiltshire,Calne Chilvester & Abberd
762,Boaz Barry,Wiltshire,Westbury North
763,Chris Brautigam,Wiltshire,Southwick
764,Chris Vaughan,Wiltshire,Trowbridge Park
765,Dave Lumsden,Wiltshire,Tidworth East & Ludgershall South
766,Ed Rimmer,Wiltshire,Salisbury Bemerton Heath
767,Keith Allen,Wiltshire,Tidworth North & West
768,Kevin Asplin,Wiltshire,Amesbury East & Bulford
769,Mike Sankey,Wiltshire,Calne North
770,Robert Smith,Wiltshire,Westbury West
771,David Buckley,Windsor and Maidenhead,"Datchet, Horton & Wraysbury"
772,Anita Stanley,Wolverhampton,Bilston North
773,Alan Amos,Worcester,Lower Wick & Pitmaston
776,Ashley Monk,Worcestershire,Redditch West
777,Bill Hopkins,Worcestershire,St Chads
778,Dave Aubrey,Worcestershire,Nunnery
779,Dave Edmonds,Worcestershire,Redditch Central
781,Gaynor Jean-Louis,Worcestershire,Bromsgrove South
782,Ian Cresswell,Worcestershire,Stourport Mitton
783,Jenny Shaw,Worcestershire,"Cookley, Wolverley & Wribbenhall"
785,Justin Bowen,Worcestershire,Tenbury
786,Karl Perks,Worcestershire,Stourport Areley Kings & Riverside
787,Mark Crosby,Worcestershire,St Georges
788,Mark Dunkley,Worcestershire,Woodvale
789,Matthew Jones,Worcestershire,St Johns
790,Michele Hulme,Worcestershire,Evesham South
792,Owen Cleary,Worcestershire,Warndon & Elbury Park
793,Peter Turner,Worcestershire,Beacon
794,Richard Tudge,Worcestershire,Redditch Central
796,Roger Bennett,Worcestershire,Redditch South
797,Sam Bastow,Worcestershire,Evesham North West
798,Satinder Bell,Worcestershire,Harvington
800,Sue Eacock,Worcestershire,Redditch South
801,Alice Jones,Wyre,Park
802,David Higgs,Wyre,Marsh Mill
803,James Crawford,Wyre,Marsh Mill
804,Paul Ellison,Wyre,Marsh Mill
