council,councillor,ward,councillor_url
Aberdeenshire,Councillor Laurie Carnie,Ward 19 - Mearns,https://aberdeenshire.moderngov.co.uk/mgUserInfo.aspx?UID=167
Aberdeenshire,Councillor John Cox,Ward 01 - Banff and District,https://aberdeenshire.moderngov.co.uk/mgUserInfo.aspx?UID=128
Aberdeenshire,Councillor John Crawley,Ward 09 - Ellon and District,https://aberdeenshire.moderngov.co.uk/mgUserInfo.aspx?UID=117
Aberdeenshire,Councillor Mark Findlater,Ward 02 - Troup,https://aberdeenshire.moderngov.co.uk/mgUserInfo.aspx?UID=137
Aberdeenshire,Councillor Lauren Knight,"Ward 14 - Huntly, Strathbogie and Howe of Alford",https://aberdeenshire.moderngov.co.uk/mgUserInfo.aspx?UID=156
Aberdeenshire,Councillor Dominic Lonchay,Ward 12 - East Garioch,https://aberdeenshire.moderngov.co.uk/mgUserInfo.aspx?UID=153
Arun,Councillor Trevor Bence,Aldwick East,https://arun.moderngov.co.uk/mgUserInfo.aspx?UID=111
Arun,Councillor Giuliano Pinnelli,Marine,https://arun.moderngov.co.uk/mgUserInfo.aspx?UID=585
Ashfield,Councillor Andy Gascoyne,Selston,https://ashfield.moderngov.co.uk/mgUserInfo.aspx?UID=500000242
Ashfield,Councillor Dawn Justice,Underwood,https://ashfield.moderngov.co.uk/mgUserInfo.aspx?UID=5634
Ashfield,Councillor Cathy Mason,Carsic,https://ashfield.moderngov.co.uk/mgUserInfo.aspx?UID=5637
Barnet,Councillor Mark Shooter,Hendon,https://barnet.moderngov.co.uk/mgUserInfo.aspx?UID=171
Bassetlaw,Councillor Warren Limber,Beckingham,https://bassetlaw.moderngov.co.uk/mgUserInfo.aspx?UID=343
Bassetlaw,Councillor Andrew McCallum,Ranskill,https://bassetlaw.moderngov.co.uk/mgUserInfo.aspx?UID=359
Bassetlaw,Councillor Fraser McFarland,Clayworth,https://bassetlaw.moderngov.co.uk/mgUserInfo.aspx?UID=287
Bassetlaw,Councillor Lewis Stanniland,Tuxford and Trent,https://bassetlaw.moderngov.co.uk/mgUserInfo.aspx?UID=225
Bassetlaw,Councillor Matt Turner,Sturton,https://bassetlaw.moderngov.co.uk/mgUserInfo.aspx?UID=342
Broxbourne,Giles Hall,Flamstead End,https://broxbourne.moderngov.co.uk/mgUserInfo.aspx?UID=118
Broxbourne,Siobhan Monaghan,Cheshunt South and Theobalds,https://broxbourne.moderngov.co.uk/mgUserInfo.aspx?UID=125
Buckinghamshire,Councillor Cameron Anderson,"Berryfields, Buckingham Park & Watermead",https://buckinghamshire.moderngov.co.uk/mgUserInfo.aspx?UID=33921
Buckinghamshire,Councillor Cole Caesar,Burnham,https://buckinghamshire.moderngov.co.uk/mgUserInfo.aspx?UID=32661
Calderdale,Paul Hawkaluk,Skircoat,https://calderdale.moderngov.co.uk/mgUserInfo.aspx?UID=703
Calderdale,Peter Hunt,Elland,https://calderdale.moderngov.co.uk/mgUserInfo.aspx?UID=640
Calderdale,Daniel Sutherland,Illingworth and Mixenden,https://calderdale.moderngov.co.uk/mgUserInfo.aspx?UID=152
Chorley,Councillor Martin Topp,Chorley East,https://chorley.moderngov.co.uk/mgUserInfo.aspx?UID=2508
Dartford,Councillor Michael Brown,Greenhithe & Knockhall,https://dartford.moderngov.co.uk/mgUserInfo.aspx?UID=1710
Dartford,Councillor Steve Ridley,Maypole & Leyton Cross,https://dartford.moderngov.co.uk/mgUserInfo.aspx?UID=1723
Derbyshire,Councillor Dawn Abbott,Staveley,https://derbyshire.moderngov.co.uk/mgUserInfo.aspx?UID=5439
Derbyshire,Councillor Nick Adams,Dovedale and Ashbourne North,https://derbyshire.moderngov.co.uk/mgUserInfo.aspx?UID=5267
Derbyshire,Councillor Joss Barnes,Dunston,https://derbyshire.moderngov.co.uk/mgUserInfo.aspx?UID=5420
Derbyshire,Councillor Matthew Benfield,Repton and Stenson,https://derbyshire.moderngov.co.uk/mgUserInfo.aspx?UID=5449
Derbyshire,Councillor Stuart Bent,Alfreton and Somercotes,https://derbyshire.moderngov.co.uk/mgUserInfo.aspx?UID=5263
Derbyshire,Councillor Martin Bromley,Swadlincote East,https://derbyshire.moderngov.co.uk/mgUserInfo.aspx?UID=5453
Derbyshire,Councillor Jodie Brown,Long Eaton South,https://derbyshire.moderngov.co.uk/mgUserInfo.aspx?UID=5235
Derbyshire,Councillor Mark Chambers,Ripley West and Crich,https://derbyshire.moderngov.co.uk/mgUserInfo.aspx?UID=5371
Derbyshire,Councillor Mark Cliff,Staveley North and Whittington,https://derbyshire.moderngov.co.uk/mgUserInfo.aspx?UID=5444
Derbyshire,Councillor David Elsdon,Killamarsh and Renishaw,https://derbyshire.moderngov.co.uk/mgUserInfo.aspx?UID=5317
Derbyshire,Councillor Owen Ferron,Long Eaton North,https://derbyshire.moderngov.co.uk/mgUserInfo.aspx?UID=6565
Derbyshire,Councillor Darran Furness,"Codnor, Aldercar, Langley Mill and Loscoe",https://derbyshire.moderngov.co.uk/mgUserInfo.aspx?UID=5285
Derbyshire,Councillor Charlotte Gates,Swanwick and Riddings,https://derbyshire.moderngov.co.uk/mgUserInfo.aspx?UID=5395
Derbyshire,Councillor Alan Graves,Aston,https://derbyshire.moderngov.co.uk/mgUserInfo.aspx?UID=1100
Derbyshire,Councillor Roy Hallett,Elmton with Creswell and Whitwell,https://derbyshire.moderngov.co.uk/mgUserInfo.aspx?UID=5318
Derbyshire,Councillor Kevin Harper,Barlborough and Clowne,https://derbyshire.moderngov.co.uk/mgUserInfo.aspx?UID=5275
Derbyshire,Councillor David Harvey,Hardwick,https://derbyshire.moderngov.co.uk/mgUserInfo.aspx?UID=5510
Derbyshire,Councillor Richard Hatfield,Ilkeston Central,https://derbyshire.moderngov.co.uk/mgUserInfo.aspx?UID=5222
Derbyshire,Councillor Charlotte Hill,Melbourne and Woodville,https://derbyshire.moderngov.co.uk/mgUserInfo.aspx?UID=5465
Derbyshire,Councillor Jamie Hodgson,Eckington and Coal Aston,https://derbyshire.moderngov.co.uk/mgUserInfo.aspx?UID=5293
Derbyshire,Councillor Adrian Hunter,Wirksworth,https://derbyshire.moderngov.co.uk/mgUserInfo.aspx?UID=5309
Derbyshire,Councillor Jason Isherwood,Etherow,https://derbyshire.moderngov.co.uk/mgUserInfo.aspx?UID=5377
Derbyshire,Councillor John Lawson,Breaston,https://derbyshire.moderngov.co.uk/mgUserInfo.aspx?UID=5216
Derbyshire,Councillor Simon Mabbott,Ilkeston South and Kirk Hallam,https://derbyshire.moderngov.co.uk/mgUserInfo.aspx?UID=5229
Derbyshire,Councillor Paul Maginnis,Sawley,https://derbyshire.moderngov.co.uk/mgUserInfo.aspx?UID=5241
Derbyshire,Councillor Peter Mathews,Heanor,https://derbyshire.moderngov.co.uk/mgUserInfo.aspx?UID=5313
Derbyshire,Councillor Alex Millward,Linacre and Loundsley Green,https://derbyshire.moderngov.co.uk/mgUserInfo.aspx?UID=5430
Derbyshire,Councillor Darren Muizelaar,"North Wingfield, Pilsley and Morton",https://derbyshire.moderngov.co.uk/mgUserInfo.aspx?UID=5349
Derbyshire,Councillor Paul Oxberry,Swadlincote South,https://derbyshire.moderngov.co.uk/mgUserInfo.aspx?UID=5469
Derbyshire,Councillor Paul Parkin,Shirland and Wingerworth South,https://derbyshire.moderngov.co.uk/mgUserInfo.aspx?UID=5368
Derbyshire,Councillor Dan Price,Ilkeston North,https://derbyshire.moderngov.co.uk/mgUserInfo.aspx?UID=5225
Derbyshire,Councillor Robert Reaney,Sutton,https://derbyshire.moderngov.co.uk/mgUserInfo.aspx?UID=5381
Derbyshire,Councillor Sarah Reaney,Shirebrook and Pleasley,https://derbyshire.moderngov.co.uk/mgUserInfo.aspx?UID=5356
Derbyshire,Councillor Sam Redfern,Hilton,https://derbyshire.moderngov.co.uk/mgUserInfo.aspx?UID=5459
Derbyshire,Councillor Stephen Reed,Clay Cross and Tupton,https://derbyshire.moderngov.co.uk/mgUserInfo.aspx?UID=5253
Derbyshire,Councillor Melandra Smith,Buxton North and East,https://derbyshire.moderngov.co.uk/mgUserInfo.aspx?UID=5306
Derbyshire,Councillor Richard Smith,Brimington,https://derbyshire.moderngov.co.uk/mgUserInfo.aspx?UID=5417
Derbyshire,Councillor Nephi Somerville,South Normanton and Pinxton,https://derbyshire.moderngov.co.uk/mgUserInfo.aspx?UID=5400
Derbyshire,Councillor Joseph Turrell,Swadlincote West,https://derbyshire.moderngov.co.uk/mgUserInfo.aspx?UID=5473
Derbyshire,Councillor Lewis Whitbread,Hasland and Rother,https://derbyshire.moderngov.co.uk/mgUserInfo.aspx?UID=5429
Derbyshire,Councillor Tony Wilson,Ripley East,https://derbyshire.moderngov.co.uk/mgUserInfo.aspx?UID=5365
Derbyshire,Councillor Carol Wood,Bolsover,https://derbyshire.moderngov.co.uk/mgUserInfo.aspx?UID=5300
Doncaster,Councillor Guy Aston,Wheatley Hills and Intake,https://doncaster.moderngov.co.uk/mgUserInfo.aspx?UID=2908
Doncaster,Councillor Stephen Barnett,Edlington and Warmsworth,https://doncaster.moderngov.co.uk/mgUserInfo.aspx?UID=2942
Doncaster,Councillor Oliver Bloor,Sprotbrough,https://doncaster.moderngov.co.uk/mgUserInfo.aspx?UID=2919
Doncaster,Councillor Rebecca Booth,Bentley,https://doncaster.moderngov.co.uk/mgUserInfo.aspx?UID=2923
Doncaster,Councillor Joan Briggs,Edlington and Warmsworth,https://doncaster.moderngov.co.uk/mgUserInfo.aspx?UID=2944
Doncaster,Councillor David Carroll,Bessacarr,https://doncaster.moderngov.co.uk/mgUserInfo.aspx?UID=2927
Doncaster,Councillor Jason Charity,Conisbrough,https://doncaster.moderngov.co.uk/mgUserInfo.aspx?UID=2931
Doncaster,Councillor Ioan-Emanuel Craciun,Balby South,https://doncaster.moderngov.co.uk/mgUserInfo.aspx?UID=2920
Doncaster,Councillor Paul Cutts,Wheatley Hills and Intake,https://doncaster.moderngov.co.uk/mgUserInfo.aspx?UID=2910
Doncaster,Councillor Dan Dawson,Hatfield,https://doncaster.moderngov.co.uk/mgUserInfo.aspx?UID=2941
Doncaster,Councillor Antony Dodds,Mexborough,https://doncaster.moderngov.co.uk/mgUserInfo.aspx?UID=2930
Doncaster,Councillor Jackie Dudley,Tickhill and Wadworth,https://doncaster.moderngov.co.uk/mgUserInfo.aspx?UID=2911
Doncaster,Councillor Maria Hollingworth,Adwick and Carcroft,https://doncaster.moderngov.co.uk/mgUserInfo.aspx?UID=2946
Doncaster,Councillor Karl Hughes,Stainforth and Barnby Dun,https://doncaster.moderngov.co.uk/mgUserInfo.aspx?UID=2947
Doncaster,Councillor Frank Jackson,Norton and Askern,https://doncaster.moderngov.co.uk/mgUserInfo.aspx?UID=2921
Doncaster,Councillor Alexander Jones,Edenthorpe and Kirk Sandall,https://doncaster.moderngov.co.uk/mgUserInfo.aspx?UID=2938
Doncaster,Councillor Chris Kidger,Bessacarr,https://doncaster.moderngov.co.uk/mgUserInfo.aspx?UID=2929
Doncaster,Councillor Dave Knight,Thorne and Moorends,https://doncaster.moderngov.co.uk/mgUserInfo.aspx?UID=2912
Doncaster,Councillor Vicky Lawson,Norton and Askern,https://doncaster.moderngov.co.uk/mgUserInfo.aspx?UID=2922
Doncaster,Councillor Kieran Lay,Thorne and Moorends,https://doncaster.moderngov.co.uk/mgUserInfo.aspx?UID=2948
Doncaster,Councillor Russ Linley,Hexthorpe and Balby North,https://doncaster.moderngov.co.uk/mgUserInfo.aspx?UID=2936
Doncaster,Councillor Brendan Megaw,Mexborough,https://doncaster.moderngov.co.uk/mgUserInfo.aspx?UID=2932
Doncaster,Councillor Steven Plater,Adwick and Carcroft,https://doncaster.moderngov.co.uk/mgUserInfo.aspx?UID=2914
Doncaster,Councillor Nick Pritchard,Armthorpe,https://doncaster.moderngov.co.uk/mgUserInfo.aspx?UID=2918
Doncaster,Councillor Isaiah-John Reasbeck,Bentley,https://doncaster.moderngov.co.uk/mgUserInfo.aspx?UID=2974
Doncaster,Councillor John Reed,Mexborough,https://doncaster.moderngov.co.uk/mgUserInfo.aspx?UID=2934
Doncaster,Councillor Rachel Reed,Conisbrough,https://doncaster.moderngov.co.uk/mgUserInfo.aspx?UID=2933
Doncaster,Councillor Howard Rimmer,Roman Ridge,https://doncaster.moderngov.co.uk/mgUserInfo.aspx?UID=2925
Doncaster,Councillor William Shaw,Conisbrough,https://doncaster.moderngov.co.uk/mgUserInfo.aspx?UID=2935
Doncaster,Councillor Nick Smith,Hatfield,https://doncaster.moderngov.co.uk/mgUserInfo.aspx?UID=2943
Doncaster,Councillor Gerald Squire,Norton and Askern,https://doncaster.moderngov.co.uk/mgUserInfo.aspx?UID=2924
Doncaster,Councillor Craig Ward,Roman Ridge,https://doncaster.moderngov.co.uk/mgUserInfo.aspx?UID=2928
Doncaster,Councillor Glyn Whiting,Thorne and Moorends,https://doncaster.moderngov.co.uk/mgUserInfo.aspx?UID=2913
Doncaster,Councillor Neil Wood,Stainforth and Barnby Dun,https://doncaster.moderngov.co.uk/mgUserInfo.aspx?UID=2915
Epping Forest,Councillor Jaymey McIvor,Ongar,https://eppingforest.moderngov.co.uk/mgUserInfo.aspx?UID=2628
Erewash,Councillor Paul Maginnis,Sawley,https://erewash.moderngov.co.uk/mgUserInfo.aspx?UID=1385
Erewash,Councillor Dan Price,Cotmanhay,https://erewash.moderngov.co.uk/mgUserInfo.aspx?UID=2731
Gloucestershire,Cllr Dean Botterill,Stroud: Stonehouse,https://gloucestershire.moderngov.co.uk/mgUserInfo.aspx?UID=24476
Gloucestershire,Cllr Piers Camp,Forest of Dean: Drybrook and Lydbrook,https://gloucestershire.moderngov.co.uk/mgUserInfo.aspx?UID=24336
Gloucestershire,Cllr Leigh Challis,Forest of Dean: Coleford,https://gloucestershire.moderngov.co.uk/mgUserInfo.aspx?UID=24318
Gloucestershire,Cllr Ray Donaghue,Forest of Dean: Cinderford,https://gloucestershire.moderngov.co.uk/mgUserInfo.aspx?UID=24311
Gloucestershire,Cllr Vernon Gray,Gloucester: Tuffley & Moreland,https://gloucestershire.moderngov.co.uk/mgUserInfo.aspx?UID=24434
Gloucestershire,Cllr Mark Howard,Forest of Dean: Lydney,https://gloucestershire.moderngov.co.uk/mgUserInfo.aspx?UID=24359
Gloucestershire,Cllr Chris Mayo,Gloucester: Quedgeley,https://gloucestershire.moderngov.co.uk/mgUserInfo.aspx?UID=24420
Gloucestershire,Cllr Jason Preece,Gloucester: Grange and Kingsway,https://gloucestershire.moderngov.co.uk/mgUserInfo.aspx?UID=24364
Gloucestershire,Cllr Michael Rees,Stroud: Cam Valley,https://gloucestershire.moderngov.co.uk/mgUserInfo.aspx?UID=24328
Gloucestershire,Cllr Vernon Smith,Tewkesbury: Tewkesbury West,https://gloucestershire.moderngov.co.uk/mgUserInfo.aspx?UID=176
Harlow,Councillor Paul Jago,Mark Hall,https://harlow.moderngov.co.uk/mgUserInfo.aspx?UID=2646
Havant,Councillor Sharon Collings,Leigh Park Central & West Leigh,https://havant.moderngov.co.uk/mgUserInfo.aspx?UID=1074
Havant,Councillor Caren Diamond,Purbrook,https://havant.moderngov.co.uk/mgUserInfo.aspx?UID=36
Havant,Councillor Sarah Milne,Stakes,https://havant.moderngov.co.uk/mgUserInfo.aspx?UID=744
Havant,Councillor Vicky Rhodes,Leigh Park Hermitage,https://havant.moderngov.co.uk/mgUserInfo.aspx?UID=1093
Havant,Councillor Gwen Robinson,Waterloo,https://havant.moderngov.co.uk/mgUserInfo.aspx?UID=806
Hertfordshire,Doug Bainbridge,Old Stevenage (56),https://hertfordshire.moderngov.co.uk/mgUserInfo.aspx?UID=34392
Hertfordshire,Janet Bainbridge,Broadwater (54),https://hertfordshire.moderngov.co.uk/mgUserInfo.aspx?UID=27922
Hertfordshire,Mark Biddle,Welwyn Garden City South (78),https://hertfordshire.moderngov.co.uk/mgUserInfo.aspx?UID=34493
Hertfordshire,Michael Blissett,Hatfield East (73),https://hertfordshire.moderngov.co.uk/mgUserInfo.aspx?UID=34504
Hertfordshire,Caroline Clapper,Watling (33),https://hertfordshire.moderngov.co.uk/mgUserInfo.aspx?UID=151
Hertfordshire,Peter Colley,Bedwell (53),https://hertfordshire.moderngov.co.uk/mgUserInfo.aspx?UID=14154
Hertfordshire,David Herring,Hemel Hempstead North West (11),https://hertfordshire.moderngov.co.uk/mgUserInfo.aspx?UID=34618
Hertfordshire,Tony Hill,Flamstead End and Turnford (2),https://hertfordshire.moderngov.co.uk/mgUserInfo.aspx?UID=34433
Hertfordshire,Matthew Hurst,St Nicholas (58),https://hertfordshire.moderngov.co.uk/mgUserInfo.aspx?UID=470
Hertfordshire,Saul Jacob,Borehamwood South (28),https://hertfordshire.moderngov.co.uk/mgUserInfo.aspx?UID=34368
Hertfordshire,Anthony Owen,Goffs Oak and Bury Green (3),https://hertfordshire.moderngov.co.uk/mgUserInfo.aspx?UID=34462
Hertfordshire,Simon Rhodes,Borehamwood North (27),https://hertfordshire.moderngov.co.uk/mgUserInfo.aspx?UID=34360
Hertfordshire,Wendy Rouse,Shephall (57),https://hertfordshire.moderngov.co.uk/mgUserInfo.aspx?UID=34482
Hertfordshire,Terry Smith,Buntingford (20),https://hertfordshire.moderngov.co.uk/mgUserInfo.aspx?UID=14077
Hertfordshire,Christopher Wright,Hemel Hempstead St Paul's (13),https://hertfordshire.moderngov.co.uk/mgUserInfo.aspx?UID=34635
Lancashire,County Councillor Nigel Alderson,Thornton & Hambleton,https://lancashire.moderngov.co.uk/mgUserInfo.aspx?UID=33738
Lancashire,County Councillor Joanne Ash,Rossendale South,https://lancashire.moderngov.co.uk/mgUserInfo.aspx?UID=33775
Lancashire,County Councillor Mrs Marion Atkinson,Pendle Central,https://lancashire.moderngov.co.uk/mgUserInfo.aspx?UID=33883
Lancashire,County Councillor Stephen Atkinson,Ribble Valley South West,https://lancashire.moderngov.co.uk/mgUserInfo.aspx?UID=33642
Lancashire,County Councillor Graeme Austin,Heysham,https://lancashire.moderngov.co.uk/mgUserInfo.aspx?UID=33618
Lancashire,County Councillor Clive Balchin,Mid Rossendale,https://lancashire.moderngov.co.uk/mgUserInfo.aspx?UID=33757
Lancashire,County Councillor Andy Blake,Moss Side & Farington,https://lancashire.moderngov.co.uk/mgUserInfo.aspx?UID=33807
Lancashire,County Councillor Mr John Clemson,Hoghton with Wheelton,https://lancashire.moderngov.co.uk/mgUserInfo.aspx?UID=33897
Lancashire,County Councillor Ellie Close,Leyland South,https://lancashire.moderngov.co.uk/mgUserInfo.aspx?UID=33795
Lancashire,County Councillor Fred Cottam,South Ribble East,https://lancashire.moderngov.co.uk/mgUserInfo.aspx?UID=33834
Lancashire,County Councillor James Crawford,Cleveleys East,https://lancashire.moderngov.co.uk/mgUserInfo.aspx?UID=33660
Lancashire,County Councillor Shaun Crimmins,Lancaster Rural East,https://lancashire.moderngov.co.uk/mgUserInfo.aspx?UID=33635
Lancashire,County Councillor Graham Dalton,Lancaster Rural North,https://lancashire.moderngov.co.uk/mgUserInfo.aspx?UID=33645
Lancashire,County Councillor Mr Ian Duxbury,Longridge with Bowland,https://lancashire.moderngov.co.uk/mgUserInfo.aspx?UID=33626
Lancashire,County Councillor David Dwyer,Fylde South,https://lancashire.moderngov.co.uk/mgUserInfo.aspx?UID=33687
Lancashire,County Councillor Rick Edwards,Burscough & Rufford,https://lancashire.moderngov.co.uk/mgUserInfo.aspx?UID=33824
Lancashire,County Councillor Simon Evans,Skelmersdale Central,https://lancashire.moderngov.co.uk/mgUserInfo.aspx?UID=33844
Lancashire,County Councillor Jordan Fox,"Great Harwood, Rishton & Clayton-le-Moors",https://lancashire.moderngov.co.uk/mgUserInfo.aspx?UID=33873
Lancashire,County Councillor Mr Warren Goldsworthy,Clitheroe,https://lancashire.moderngov.co.uk/mgUserInfo.aspx?UID=33622
Lancashire,County Councillor Leon Graham,West Lancashire West,https://lancashire.moderngov.co.uk/mgUserInfo.aspx?UID=33825
Lancashire,County Councillor Simon Gummer,Lostock Hall & Bamber Bridge,https://lancashire.moderngov.co.uk/mgUserInfo.aspx?UID=33801
Lancashire,County Councillor Gaynor Hargreaves,Oswaldtwistle,https://lancashire.moderngov.co.uk/mgUserInfo.aspx?UID=33886
Lancashire,County Councillor Lee Hutchinson,Chorley South,https://lancashire.moderngov.co.uk/mgUserInfo.aspx?UID=33871
Lancashire,County Councillor Alice Jones,Fleetwood West & Cleveleys West,https://lancashire.moderngov.co.uk/mgUserInfo.aspx?UID=33732
Lancashire,County Councillor Maria Jones,Preston Rural,https://lancashire.moderngov.co.uk/mgUserInfo.aspx?UID=33701
Lancashire,County Councillor Ashley Joynes,Accrington South,https://lancashire.moderngov.co.uk/mgUserInfo.aspx?UID=33850
Lancashire,County Councillor Mr Gary Kniveton,Morecambe Central,https://lancashire.moderngov.co.uk/mgUserInfo.aspx?UID=33653
Lancashire,County Councillor Eddie Kutavicius,Burnley South West,https://lancashire.moderngov.co.uk/mgUserInfo.aspx?UID=33768
Lancashire,County Councillor Tom Lord,South Ribble West,https://lancashire.moderngov.co.uk/mgUserInfo.aspx?UID=33837
Lancashire,County Councillor Daniel Matchett,Whitworth & Bacup,https://lancashire.moderngov.co.uk/mgUserInfo.aspx?UID=33786
Lancashire,County Councillor Nathan McCollum,Pendle Rural,https://lancashire.moderngov.co.uk/mgUserInfo.aspx?UID=33906
Lancashire,County Councillor Ged Mirfin,Ribble Valley North East,https://lancashire.moderngov.co.uk/mgUserInfo.aspx?UID=26579
Lancashire,County Councillor Brian Moore,Morecambe South,https://lancashire.moderngov.co.uk/mgUserInfo.aspx?UID=33662
Lancashire,County Councillor Dr Lorenzo More,Penwortham East & Walton-le-Dale,https://lancashire.moderngov.co.uk/mgUserInfo.aspx?UID=33818
Lancashire,County Councillor Luke Parker,Preston East,https://lancashire.moderngov.co.uk/mgUserInfo.aspx?UID=33681
Lancashire,County Councillor Lance Parkinson,"Great Harwood, Rishton & Clayton-le-Moors",https://lancashire.moderngov.co.uk/mgUserInfo.aspx?UID=33876
Lancashire,County Councillor Mark Poulton,Burnley Rural,https://lancashire.moderngov.co.uk/mgUserInfo.aspx?UID=33766
Lancashire,County Councillor Mackenzie Ritson,Rossendale East,https://lancashire.moderngov.co.uk/mgUserInfo.aspx?UID=33772
Lancashire,County Councillor Joshua Roberts,Fylde East,https://lancashire.moderngov.co.uk/mgUserInfo.aspx?UID=33679
Lancashire,County Councillor Matthew Salter,Wyre Rural Central,https://lancashire.moderngov.co.uk/mgUserInfo.aspx?UID=19502
Lancashire,County Councillor Jan Schofield,Cleveleys South & Carleton,https://lancashire.moderngov.co.uk/mgUserInfo.aspx?UID=33695
Lancashire,County Councillor David Shaw,Fleetwood East,https://lancashire.moderngov.co.uk/mgUserInfo.aspx?UID=33717
Lancashire,County Councillor Martyn Sutton,Skerton,https://lancashire.moderngov.co.uk/mgUserInfo.aspx?UID=33668
Lancashire,County Councillor Nigel Swales,Skelmersdale East,https://lancashire.moderngov.co.uk/mgUserInfo.aspx?UID=33859
Lancashire,County Councillor Mr Joel Michael Tetlow,Accrington North,https://lancashire.moderngov.co.uk/mgUserInfo.aspx?UID=33835
Lancashire,County Councillor Liam Thomson,Burnley Central West,https://lancashire.moderngov.co.uk/mgUserInfo.aspx?UID=33756
Lancashire,County Councillor James Tomlinson,Wyre Rural East,https://lancashire.moderngov.co.uk/mgUserInfo.aspx?UID=33777
Lancashire,County Councillor Martin Topp,Chorley North,https://lancashire.moderngov.co.uk/mgUserInfo.aspx?UID=33847
Lancashire,County Councillor Mark Wade,Chorley Rural West,https://lancashire.moderngov.co.uk/mgUserInfo.aspx?UID=33864
Lancashire,County Councillor Mr Russell Walsh,Morecambe North,https://lancashire.moderngov.co.uk/mgUserInfo.aspx?UID=33656
Lancashire,County Councillor Hannah Whalley,Leyland Central,https://lancashire.moderngov.co.uk/mgUserInfo.aspx?UID=33792
Lancashire,County Councillor Ella Worthington,Skelmersdale West,https://lancashire.moderngov.co.uk/mgUserInfo.aspx?UID=33800
Lichfield,Councillor Matthew Wallens,Curborough,https://lichfield.moderngov.co.uk/mgUserInfo.aspx?UID=1480
Lincolnshire,Councillor Alistair Stanley Arundell,Boston Coastal,https://lincolnshire.moderngov.co.uk/mgUserInfo.aspx?UID=7192
Lincolnshire,Councillor Kenneth Wayne Bamford,Hough,https://lincolnshire.moderngov.co.uk/mgUserInfo.aspx?UID=7193
Lincolnshire,Councillor James Bean,North Wolds,https://lincolnshire.moderngov.co.uk/mgUserInfo.aspx?UID=7194
Lincolnshire,Councillor Mike John Beecham,Alford and Sutton,https://lincolnshire.moderngov.co.uk/mgUserInfo.aspx?UID=7195
Lincolnshire,Councillor Trevor John Bridgwood,Bardney and Cherry Willingham,https://lincolnshire.moderngov.co.uk/mgUserInfo.aspx?UID=7196
Lincolnshire,Councillor Danny Brookes,Ingoldmells Rural,https://lincolnshire.moderngov.co.uk/mgUserInfo.aspx?UID=7197
Lincolnshire,Councillor Jimmy William Brookes,Skegness South,https://lincolnshire.moderngov.co.uk/mgUserInfo.aspx?UID=7198
Lincolnshire,Councillor Neil Carey,Holbeach Rural,https://lincolnshire.moderngov.co.uk/mgUserInfo.aspx?UID=7199
Lincolnshire,Councillor Thomas Charles Catton,Louth South,https://lincolnshire.moderngov.co.uk/mgUserInfo.aspx?UID=7200
Lincolnshire,Councillor Michael Stelling Cheyne,Boston West,https://lincolnshire.moderngov.co.uk/mgUserInfo.aspx?UID=7209
Lincolnshire,Councillor Steve Clegg,Sleaford,https://lincolnshire.moderngov.co.uk/mgUserInfo.aspx?UID=7211
Lincolnshire,Councillor Brenda Hazel Collier,Birchwood,https://lincolnshire.moderngov.co.uk/mgUserInfo.aspx?UID=7210
Lincolnshire,Councillor Raymond Balfor Condell,Crowland,https://lincolnshire.moderngov.co.uk/mgUserInfo.aspx?UID=7212
Lincolnshire,Councillor Maggie Cullen,Boston North,https://lincolnshire.moderngov.co.uk/mgUserInfo.aspx?UID=7213
Lincolnshire,Councillor Barry Robert Andrew Daish,Boston South,https://lincolnshire.moderngov.co.uk/mgUserInfo.aspx?UID=7214
Lincolnshire,Councillor David East,Heckington,https://lincolnshire.moderngov.co.uk/mgUserInfo.aspx?UID=7216
Lincolnshire,Councillor Carl Peter Edgoose-Zagorskiy,Grantham South,https://lincolnshire.moderngov.co.uk/mgUserInfo.aspx?UID=7217
Lincolnshire,Councillor Adrian David Findley,Skegness North,https://lincolnshire.moderngov.co.uk/mgUserInfo.aspx?UID=7218
Lincolnshire,Councillor Sam French,Skirbeck,https://lincolnshire.moderngov.co.uk/mgUserInfo.aspx?UID=7215
Lincolnshire,Councillor Robert Antony Gibson,Spalding East,https://lincolnshire.moderngov.co.uk/mgUserInfo.aspx?UID=2040
Lincolnshire,Councillor Stuart Grantham,Hartsholme,https://lincolnshire.moderngov.co.uk/mgUserInfo.aspx?UID=7201
Lincolnshire,Councillor Manzur Hasan,Spalding West,https://lincolnshire.moderngov.co.uk/mgUserInfo.aspx?UID=4849
Lincolnshire,Councillor Nick Arthur Hastings,Louth North,https://lincolnshire.moderngov.co.uk/mgUserInfo.aspx?UID=7204
Lincolnshire,Councillor Maria Lisa Hume,Wainfleet,https://lincolnshire.moderngov.co.uk/mgUserInfo.aspx?UID=7206
Lincolnshire,Councillor Liam Mark Kelly,Swallow Beck and Witham,https://lincolnshire.moderngov.co.uk/mgUserInfo.aspx?UID=7205
Lincolnshire,Councillor Jane Lesley King,Donington Rural,https://lincolnshire.moderngov.co.uk/mgUserInfo.aspx?UID=2044
Lincolnshire,Councillor Richard Stephen Litchfield,Grantham Barrowby,https://lincolnshire.moderngov.co.uk/mgUserInfo.aspx?UID=7202
Lincolnshire,Councillor Paul Timothy Lock,Boston Rural,https://lincolnshire.moderngov.co.uk/mgUserInfo.aspx?UID=7203
Lincolnshire,Councillor Sean Matthews,Tattershall Castle,https://lincolnshire.moderngov.co.uk/mgUserInfo.aspx?UID=7220
Lincolnshire,Councillor Alex McGonigle,Louth Wolds,https://lincolnshire.moderngov.co.uk/mgUserInfo.aspx?UID=7221
Lincolnshire,Councillor Natalie Rebecca Oliver,Woodhall Spa and Wragby,https://lincolnshire.moderngov.co.uk/mgUserInfo.aspx?UID=7219
Lincolnshire,Councillor Cain Parkinson,Grantham East,https://lincolnshire.moderngov.co.uk/mgUserInfo.aspx?UID=7230
Lincolnshire,Councillor Kenneth Alan Redfern,Bourne South and Thurlby,https://lincolnshire.moderngov.co.uk/mgUserInfo.aspx?UID=7231
Lincolnshire,Councillor Christopher John Reeve,Scotter Rural,https://lincolnshire.moderngov.co.uk/mgUserInfo.aspx?UID=7232
Lincolnshire,Councillor Philip Roberts,Horncastle and the Keals,https://lincolnshire.moderngov.co.uk/mgUserInfo.aspx?UID=7233
Lincolnshire,Councillor Bayleigh Leon Tyler Robinson,Saltfleet and the Cotes,https://lincolnshire.moderngov.co.uk/mgUserInfo.aspx?UID=7229
Lincolnshire,Councillor Courtney Ruben Robinson,Mablethorpe,https://lincolnshire.moderngov.co.uk/mgUserInfo.aspx?UID=7228
Lincolnshire,Councillor Ingrid Sheard,Spalding Elloe,https://lincolnshire.moderngov.co.uk/mgUserInfo.aspx?UID=7222
Lincolnshire,Councillor Mrs Jane Smith,Welton Rural,https://lincolnshire.moderngov.co.uk/mgUserInfo.aspx?UID=662
Lincolnshire,Councillor Thomas Edmund Sneath,Holbeach,https://lincolnshire.moderngov.co.uk/mgUserInfo.aspx?UID=7223
Lincolnshire,Councillor Raymond John Whitaker,Sleaford Rural,https://lincolnshire.moderngov.co.uk/mgUserInfo.aspx?UID=7227
Lincolnshire,Councillor Paul Charles Wimhurst,Gainsborough Rural South,https://lincolnshire.moderngov.co.uk/mgUserInfo.aspx?UID=7226
Lincolnshire,Councillor Alan Christopher Woodruff,Eagle and Hykeham West,https://lincolnshire.moderngov.co.uk/mgUserInfo.aspx?UID=7225
Lincolnshire,Councillor Robbie Woods,The Suttons,https://lincolnshire.moderngov.co.uk/mgUserInfo.aspx?UID=7224
Mansfield,Councillor Barry Answer,Rufford,https://mansfield.moderngov.co.uk/mgUserInfo.aspx?UID=125
Mansfield,Councillor Mick Barton,Maun Valley Forest Town,https://mansfield.moderngov.co.uk/mgUserInfo.aspx?UID=137
Mansfield,Councillor Martin Wright,Holly Forest Town,https://mansfield.moderngov.co.uk/mgUserInfo.aspx?UID=146
Northumberland,Councillor Scott Amery,Bothal,https://northumberland.moderngov.co.uk/mgUserInfo.aspx?UID=3419
Northumberland,Councillor Ben Audsley,Newbiggin-by-the-Sea,https://northumberland.moderngov.co.uk/mgUserInfo.aspx?UID=3433
Northumberland,Councillor Trevor Michael Austin,Bedlington East,https://northumberland.moderngov.co.uk/mgUserInfo.aspx?UID=3417
Northumberland,Councillor Rick Baker,Cowpen,https://northumberland.moderngov.co.uk/mgUserInfo.aspx?UID=3422
Northumberland,Councillor Pauline Davidson,Amble West with Warkworth,https://northumberland.moderngov.co.uk/mgUserInfo.aspx?UID=3415
Northumberland,Councillor Barry Elliott,Newsham,https://northumberland.moderngov.co.uk/mgUserInfo.aspx?UID=3444
Northumberland,Councillor David Gary FitzGerald,Choppington & Hepscott,https://northumberland.moderngov.co.uk/mgUserInfo.aspx?UID=3420
Northumberland,Councillor Stephen Charles Flower,Hartley,https://northumberland.moderngov.co.uk/mgUserInfo.aspx?UID=3427
Northumberland,Councillor Karl Andrew Green,Seaton with Spital,https://northumberland.moderngov.co.uk/mgUserInfo.aspx?UID=3439
Northumberland,Councillor Arty Hume,Amble,https://northumberland.moderngov.co.uk/mgUserInfo.aspx?UID=3414
Northumberland,Councillor Martin Jackson,Stakeford,https://northumberland.moderngov.co.uk/mgUserInfo.aspx?UID=3441
Northumberland,Councillor David Johnson,Isabella,https://northumberland.moderngov.co.uk/mgUserInfo.aspx?UID=3431
Northumberland,Councillor Shaun William Knowles,Cramlington South West,https://northumberland.moderngov.co.uk/mgUserInfo.aspx?UID=3424
Northumberland,Councillor Denise Nicholson,Bebside & Kitty Brewster,https://northumberland.moderngov.co.uk/mgUserInfo.aspx?UID=3416
Northumberland,Councillor Mark Peart,Croft,https://northumberland.moderngov.co.uk/mgUserInfo.aspx?UID=3425
Northumberland,Councillor Steven Roberts,College & North Seaton,https://northumberland.moderngov.co.uk/mgUserInfo.aspx?UID=3421
Northumberland,Councillor Natalie Rolls,Wensleydale,https://northumberland.moderngov.co.uk/mgUserInfo.aspx?UID=3442
Northumberland,Councillor Sonia Simm,Haydon,https://northumberland.moderngov.co.uk/mgUserInfo.aspx?UID=3428
Northumberland,Councillor Roger Gordon Spriddell,Sleekburn,https://northumberland.moderngov.co.uk/mgUserInfo.aspx?UID=3440
Northumberland,Councillor David Swinhoe,Plessey,https://northumberland.moderngov.co.uk/mgUserInfo.aspx?UID=3436
Powys,"Johnson-Wood, Claire",Llanyre with Nantmel,https://powys.moderngov.co.uk/mgUserInfo.aspx?UID=564
Powys,"Lewis, Karl",Llandinam with Dolfor,https://powys.moderngov.co.uk/mgUserInfo.aspx?UID=571
Powys,"McIntosh, Iain",Yscir with Honddu Isaf and Llanddew,https://powys.moderngov.co.uk/mgUserInfo.aspx?UID=624
Powys,"Morgan, Geoff",Ithon Valley,https://powys.moderngov.co.uk/mgUserInfo.aspx?UID=1239
Ribble Valley,Councillor Stephen Atkinson,Brockhall & Dinckley,https://ribblevalley.moderngov.co.uk/mgUserInfo.aspx?UID=107
Rochdale,Councillor Jordan Tarrant-Short,Balderstone and Kirkholt,https://rochdale.moderngov.co.uk/mgUserInfo.aspx?UID=7117
Rochdale,Councillor John Taylor,Wardle Shore and West Littleborough,https://rochdale.moderngov.co.uk/mgUserInfo.aspx?UID=6293
Somerset,Councillor Marcus Barr,Wellington,https://somerset.moderngov.co.uk/mgUserInfo.aspx?UID=119
Somerset,Councillor John Cook-Woodman,Highbridge & Burnham South,https://somerset.moderngov.co.uk/mgUserInfo.aspx?UID=136
Somerset,Councillor Bente Height,Shepton Mallet,https://somerset.moderngov.co.uk/mgUserInfo.aspx?UID=161
St. Helens,Councillor Victor Floyd,Blackbrook,https://sthelens.moderngov.co.uk/mgUserInfo.aspx?UID=4206
St. Helens,Councillor David Hawley,Bold and Lea Green,https://sthelens.moderngov.co.uk/mgUserInfo.aspx?UID=4031
St. Helens,Councillor John Pinnington,Sutton - South East,https://sthelens.moderngov.co.uk/mgUserInfo.aspx?UID=4230
Staffordshire,Patrick Allen,East Staffordshire - Uttoxeter Town,https://staffordshire.moderngov.co.uk/mgUserInfo.aspx?UID=21043
Staffordshire,Sean Bagguley,Stafford - Stone Rural North,https://staffordshire.moderngov.co.uk/mgUserInfo.aspx?UID=21183
Staffordshire,Thomas Baker,"South Staffordshire - Cheslyn Hay Village, Featherstone & Shareshill",https://staffordshire.moderngov.co.uk/mgUserInfo.aspx?UID=21196
Staffordshire,Su Beardmore,Staffordshire Moorlands - Churnet Valley,https://staffordshire.moderngov.co.uk/mgUserInfo.aspx?UID=21022
Staffordshire,Gary Bentley,Staffordshire Moorlands - Cheadle and Checkley,https://staffordshire.moderngov.co.uk/mgUserInfo.aspx?UID=21016
Staffordshire,Mike Broom,Staffordshire Moorlands - Biddulph North,https://staffordshire.moderngov.co.uk/mgUserInfo.aspx?UID=20994
Staffordshire,Michael Carver,East Staffordshire - Burton Town,https://staffordshire.moderngov.co.uk/mgUserInfo.aspx?UID=21002
Staffordshire,Daniel Cecil,"Cannock Chase - Norton Canes, Heath Hayes & Wimblebury",https://staffordshire.moderngov.co.uk/mgUserInfo.aspx?UID=21137
Staffordshire,Andrew Clissett,Lichfield - Burntwood North,https://staffordshire.moderngov.co.uk/mgUserInfo.aspx?UID=21119
Staffordshire,Hayley Coles,Tamworth - The Heaths,https://staffordshire.moderngov.co.uk/mgUserInfo.aspx?UID=20987
Staffordshire,Lynn Dean,Newcastle - May Bank & Wolstanton,https://staffordshire.moderngov.co.uk/mgUserInfo.aspx?UID=21055
Staffordshire,Tracey Dougherty,Lichfield - Lichfield Rural East,https://staffordshire.moderngov.co.uk/mgUserInfo.aspx?UID=21159
Staffordshire,Sonny Edwards,Staffordshire Moorlands - Leek South,https://staffordshire.moderngov.co.uk/mgUserInfo.aspx?UID=21035
Staffordshire,Bob Egginton,Staffordshire Moorlands - Biddulph South and Endon,https://staffordshire.moderngov.co.uk/mgUserInfo.aspx?UID=21001
Staffordshire,Chris Gilbert,Stafford - Stafford North,https://staffordshire.moderngov.co.uk/mgUserInfo.aspx?UID=21116
Staffordshire,Adam Griffiths,Newcastle - Newcastle South,https://staffordshire.moderngov.co.uk/mgUserInfo.aspx?UID=21064
Staffordshire,Gary Hales,East Staffordshire - Uttoxeter Rural,https://staffordshire.moderngov.co.uk/mgUserInfo.aspx?UID=21041
Staffordshire,Robin Hall,Lichfield - Burntwood South,https://staffordshire.moderngov.co.uk/mgUserInfo.aspx?UID=21144
Staffordshire,Janet Higgins,Lichfield - Lichfield Rural West,https://staffordshire.moderngov.co.uk/mgUserInfo.aspx?UID=21172
Staffordshire,James Hodges,South Staffordshire - Perton,https://staffordshire.moderngov.co.uk/mgUserInfo.aspx?UID=21221
Staffordshire,Craig Humphreyson,South Staffordshire - Penkridge,https://staffordshire.moderngov.co.uk/mgUserInfo.aspx?UID=21217
Staffordshire,Alex Hunt,Cannock Chase - Chadsmoor,https://staffordshire.moderngov.co.uk/mgUserInfo.aspx?UID=21109
Staffordshire,Paul Jones,Cannock Chase - Hednesford North,https://staffordshire.moderngov.co.uk/mgUserInfo.aspx?UID=21133
Staffordshire,Charlotte Kelly,Staffordshire Moorlands - Leek Rural,https://staffordshire.moderngov.co.uk/mgUserInfo.aspx?UID=21026
Staffordshire,Nicholas Lakin,Newcastle - Bradwell and Porthill,https://staffordshire.moderngov.co.uk/mgUserInfo.aspx?UID=21051
Staffordshire,Chris Large,South Staffordshire - Brewood,https://staffordshire.moderngov.co.uk/mgUserInfo.aspx?UID=21193
Staffordshire,Wayne Luca,Tamworth - Watling,https://staffordshire.moderngov.co.uk/mgUserInfo.aspx?UID=20991
Staffordshire,Rhys Machin,Newcastle - Audley and Chesterton,https://staffordshire.moderngov.co.uk/mgUserInfo.aspx?UID=21047
Staffordshire,Rhys Mandry,"Cannock Chase - Hawks Green, Rawnsley & Cannock Wood",https://staffordshire.moderngov.co.uk/mgUserInfo.aspx?UID=21125
Staffordshire,Barry Martin,East Staffordshire - Stretton,https://staffordshire.moderngov.co.uk/mgUserInfo.aspx?UID=21032
Staffordshire,Peter Mason,East Staffordshire - Burton South,https://staffordshire.moderngov.co.uk/mgUserInfo.aspx?UID=20975
Staffordshire,Warwick McKenzie,Staffordshire Moorlands - Caverswall,https://staffordshire.moderngov.co.uk/mgUserInfo.aspx?UID=21013
Staffordshire,Gordon Munro,Tamworth - Wilnecote,https://staffordshire.moderngov.co.uk/mgUserInfo.aspx?UID=20993
Staffordshire,Martin Murray,Cannock Chase - Cannock Town,https://staffordshire.moderngov.co.uk/mgUserInfo.aspx?UID=21096
Staffordshire,Andrew Mynors,Stafford - Stafford Trent Valley,https://staffordshire.moderngov.co.uk/mgUserInfo.aspx?UID=21173
Staffordshire,Mark Nixon,Newcastle - Silverdale & Knutton,https://staffordshire.moderngov.co.uk/mgUserInfo.aspx?UID=21068
Staffordshire,Antonia Orlandi-Fantini,Stafford - Stafford South West,https://staffordshire.moderngov.co.uk/mgUserInfo.aspx?UID=21154
Staffordshire,Neil Parton,Cannock Chase - Brereton and Ravenhill,https://staffordshire.moderngov.co.uk/mgUserInfo.aspx?UID=21092
Staffordshire,Jon Pendleton,Cannock Chase - Etching Hill & The Heath,https://staffordshire.moderngov.co.uk/mgUserInfo.aspx?UID=21120
Staffordshire,Martin Rogerson,Newcastle - Talke and Red Street,https://staffordshire.moderngov.co.uk/mgUserInfo.aspx?UID=21072
Staffordshire,Anthony Screen,Newcastle - Kidsgrove,https://staffordshire.moderngov.co.uk/mgUserInfo.aspx?UID=21054
Staffordshire,Marie Shortland,South Staffordshire - Wombourne,https://staffordshire.moderngov.co.uk/mgUserInfo.aspx?UID=21227
Staffordshire,Nicholas Thompson,Tamworth - The Cotes/Two Rivers,https://staffordshire.moderngov.co.uk/mgUserInfo.aspx?UID=20985
Staffordshire,Matthew Wallens,Lichfield - Lichfield City North,https://staffordshire.moderngov.co.uk/mgUserInfo.aspx?UID=21152
Staffordshire,Helen Williams,Newcastle - Newcastle Rural,https://staffordshire.moderngov.co.uk/mgUserInfo.aspx?UID=21059
Staffordshire,Paul Williams,Stafford - Stafford Central,https://staffordshire.moderngov.co.uk/mgUserInfo.aspx?UID=21107
Staffordshire,Michelle Woods,South Staffordshire - Great Wyrley & Essington,https://staffordshire.moderngov.co.uk/mgUserInfo.aspx?UID=21210
Swale,Lloyd Chapman,"Bobbing, Iwade and Lower Halstow",https://swale.moderngov.co.uk/mgUserInfo.aspx?UID=366
Swale,Peter MacDonald,Minster Cliffs,https://swale.moderngov.co.uk/mgUserInfo.aspx?UID=157
Swale,Kieran Mishchuk,Milton Regis,https://swale.moderngov.co.uk/mgUserInfo.aspx?UID=4437
Swale,Chris Palmer,"Hartlip, Newington and Upchurch",https://swale.moderngov.co.uk/mgUserInfo.aspx?UID=384
Swale,Richard Palmer,"Hartlip, Newington and Upchurch",https://swale.moderngov.co.uk/mgUserInfo.aspx?UID=1399
Tameside,Councillor Allan Hopwood,Longdendale,https://tameside.moderngov.co.uk/mgUserInfo.aspx?UID=2569
Thanet,Councillor Peter Evans,Thanet Villages Ward,https://thanet.moderngov.co.uk/mgUserInfo.aspx?UID=6587
Thanet,Councillor Barry Manners,Cliftonville East Ward,https://thanet.moderngov.co.uk/mgUserInfo.aspx?UID=9933
Thanet,Councillor Darren Oxborrow,Garlinge Ward,https://thanet.moderngov.co.uk/mgUserInfo.aspx?UID=10073
Thurrock,Councillor Alex Anderson,Stanford East and Corringham Town,https://thurrock.moderngov.co.uk/mgUserInfo.aspx?UID=999
Thurrock,Councillor Alan Benson,Ockendon,https://thurrock.moderngov.co.uk/mgUserInfo.aspx?UID=2078
Thurrock,Councillor Russell Cherry,Ockendon,https://thurrock.moderngov.co.uk/mgUserInfo.aspx?UID=2077
Uttlesford,Cllr Heather Asker,Saffron Walden Castle,https://uttlesford.moderngov.co.uk/mgUserInfo.aspx?UID=120
Warwickshire,Councillor Robert Aitkenhead,Coleshill North & Water Orton,https://warwickshire.moderngov.co.uk/mgUserInfo.aspx?UID=8076
Warwickshire,Councillor Michael Bannister,Nuneaton Abbey,https://warwickshire.moderngov.co.uk/mgUserInfo.aspx?UID=8090
Warwickshire,Councillor Dale Bridgewater,Camp Hill,https://warwickshire.moderngov.co.uk/mgUserInfo.aspx?UID=8088
Warwickshire,Councillor Wayne Briggs,Arbury,https://warwickshire.moderngov.co.uk/mgUserInfo.aspx?UID=8081
Warwickshire,Councillor Scott Cameron,Coleshill South & Arley,https://warwickshire.moderngov.co.uk/mgUserInfo.aspx?UID=8077
Warwickshire,Councillor Stan Carvell,Bedworth East,https://warwickshire.moderngov.co.uk/mgUserInfo.aspx?UID=8084
Warwickshire,Councillor Darren Cheshire,Nuneaton East,https://warwickshire.moderngov.co.uk/mgUserInfo.aspx?UID=8091
Warwickshire,Councillor Luke Cooper,Studley,https://warwickshire.moderngov.co.uk/mgUserInfo.aspx?UID=8071
Warwickshire,Councillor James Crocker,Arden,https://warwickshire.moderngov.co.uk/mgUserInfo.aspx?UID=8066
Warwickshire,Councillor George Finch,Bedworth Central,https://warwickshire.moderngov.co.uk/mgUserInfo.aspx?UID=8083
Warwickshire,Councillor Neil Garland,Bedworth North,https://warwickshire.moderngov.co.uk/mgUserInfo.aspx?UID=8085
Warwickshire,Councillor Robert Gisbourne,Atherstone,https://warwickshire.moderngov.co.uk/mgUserInfo.aspx?UID=8074
Warwickshire,Councillor Dan Glover,New Bilton & Overslade,https://warwickshire.moderngov.co.uk/mgUserInfo.aspx?UID=8097
Warwickshire,Councillor Nigel Golby,Stockingford,https://warwickshire.moderngov.co.uk/mgUserInfo.aspx?UID=8092
Warwickshire,Councillor Stuart Green,Kingsbury,https://warwickshire.moderngov.co.uk/mgUserInfo.aspx?UID=8079
Warwickshire,Councillor Rob Howard,Attleborough,https://warwickshire.moderngov.co.uk/mgUserInfo.aspx?UID=8082
Warwickshire,Councillor Chris Morris,Bedworth West,https://warwickshire.moderngov.co.uk/mgUserInfo.aspx?UID=8086
Warwickshire,Councillor Stephen Shaw,Polesworth,https://warwickshire.moderngov.co.uk/mgUserInfo.aspx?UID=8080
Warwickshire,Councillor Anne-Marie Sonko,Earl Craven,https://warwickshire.moderngov.co.uk/mgUserInfo.aspx?UID=8096
Warwickshire,Councillor John Waine,Bulkington & Whitestone,https://warwickshire.moderngov.co.uk/mgUserInfo.aspx?UID=8087
Warwickshire,Councillor Jennifer Warren,Hartshill & Mancetter,https://warwickshire.moderngov.co.uk/mgUserInfo.aspx?UID=8078
West Sussex,Councillor Andrew Baldwin,Holbrook,https://westsussex.moderngov.co.uk/mgUserInfo.aspx?UID=234
West Sussex,Councillor Trevor Bence,Fontwell,https://westsussex.moderngov.co.uk/mgUserInfo.aspx?UID=1652
West Sussex,Councillor Paul Linehan,Bramber Castle,https://westsussex.moderngov.co.uk/mgUserInfo.aspx?UID=1595
West Sussex,Councillor Gary Markwell,Arundel & Courtwick,https://westsussex.moderngov.co.uk/mgUserInfo.aspx?UID=260
Wolverhampton,Councillor Anita Stanley,Bilston North,https://wolverhampton.moderngov.co.uk/mgUserInfo.aspx?UID=4816
Worcestershire,Councillor Alan Amos,Bedwardine,https://worcestershire.moderngov.co.uk/mgUserInfo.aspx?UID=45
Worcestershire,Councillor Dave Aubrey,Nunnery,https://worcestershire.moderngov.co.uk/mgUserInfo.aspx?UID=1887
Worcestershire,Councillor Sam Bastow,Evesham North West,https://worcestershire.moderngov.co.uk/mgUserInfo.aspx?UID=1890
Worcestershire,Councillor Satinder Bell,Harvington,https://worcestershire.moderngov.co.uk/mgUserInfo.aspx?UID=1878
Worcestershire,Councillor Roger Bennett,Redditch South (Shared),https://worcestershire.moderngov.co.uk/mgUserInfo.aspx?UID=1896
Worcestershire,Councillor Justin Bowen,Tenbury,https://worcestershire.moderngov.co.uk/mgUserInfo.aspx?UID=1880
Worcestershire,Councillor Owen Cleary,Warndon & Elbury Park,https://worcestershire.moderngov.co.uk/mgUserInfo.aspx?UID=1893
Worcestershire,Councillor Ian Cresswell,Stourport - Mitton,https://worcestershire.moderngov.co.uk/mgUserInfo.aspx?UID=1864
Worcestershire,Councillor Mark Crosby,Kidderminster - St Georges,https://worcestershire.moderngov.co.uk/mgUserInfo.aspx?UID=1871
Worcestershire,Councillor Mark Dunkley,Woodvale,https://worcestershire.moderngov.co.uk/mgUserInfo.aspx?UID=1869
Worcestershire,Councillor Sue Eacock,Redditch South (Shared),https://worcestershire.moderngov.co.uk/mgUserInfo.aspx?UID=1884
Worcestershire,Councillor Dave Edmonds,Redditch Central (Shared),https://worcestershire.moderngov.co.uk/mgUserInfo.aspx?UID=1881
Worcestershire,Councillor Stephen Foster,Redditch West (Shared),https://worcestershire.moderngov.co.uk/mgUserInfo.aspx?UID=1886
Worcestershire,Councillor Bill Hopkins,Kidderminster - St Chads,https://worcestershire.moderngov.co.uk/mgUserInfo.aspx?UID=1425
Worcestershire,Councillor Michele Hulme,Evesham South,https://worcestershire.moderngov.co.uk/mgUserInfo.aspx?UID=1879
Worcestershire,Councillor Matthew Jones,Kidderminster - St Johns,https://worcestershire.moderngov.co.uk/mgUserInfo.aspx?UID=1870
Worcestershire,Councillor Ashley Monk,Redditch West (Shared),https://worcestershire.moderngov.co.uk/mgUserInfo.aspx?UID=1885
Worcestershire,Councillor Jo Monk,Redditch East (Shared),https://worcestershire.moderngov.co.uk/mgUserInfo.aspx?UID=1445
Worcestershire,Councillor Karl Perks,Stourport - Areley Kings & Riverside,https://worcestershire.moderngov.co.uk/mgUserInfo.aspx?UID=1865
Worcestershire,Councillor Nik Price,Bromsgrove West,https://worcestershire.moderngov.co.uk/mgUserInfo.aspx?UID=1867
Worcestershire,Councillor Jenny Shaw,"Cookley, Wolverley & Wribbenhall",https://worcestershire.moderngov.co.uk/mgUserInfo.aspx?UID=1874
Worcestershire,Councillor David Taylor,Redditch East (Shared),https://worcestershire.moderngov.co.uk/mgUserInfo.aspx?UID=1883
Worcestershire,Councillor Richard Tudge,Redditch Central (Shared),https://worcestershire.moderngov.co.uk/mgUserInfo.aspx?UID=1882
Worcestershire,Councillor Peter Turner,Beacon,https://worcestershire.moderngov.co.uk/mgUserInfo.aspx?UID=1862
Worcestershire,Councillor Anthony Upton,Kidderminster - St Barnabas,https://worcestershire.moderngov.co.uk/mgUserInfo.aspx?UID=1872
Worcestershire,Councillor Rob Wharton,Kidderminster - St Peters,https://worcestershire.moderngov.co.uk/mgUserInfo.aspx?UID=1868
Wyre,James Crawford,Marsh Mill,https://wyre.moderngov.co.uk/mgUserInfo.aspx?UID=639
Wyre,Paul Ellison,Marsh Mill,https://wyre.moderngov.co.uk/mgUserInfo.aspx?UID=350
Wyre,David Higgs,Marsh Mill,https://wyre.moderngov.co.uk/mgUserInfo.aspx?UID=521
Wyre,Alice Jones,Park,https://wyre.moderngov.co.uk/mgUserInfo.aspx?UID=668
Blaby,Councillor Dr. John Bloxham,Glen Parva,https://democracy.blaby.gov.uk/mgUserInfo.aspx?UID=1193
Blackpool,Councillor Emma Ellison,Norbreck,https://democracy.blackpool.gov.uk/mgUserInfo.aspx?UID=981
Blackpool,Councillor Jon Morgan,Greenlands,https://democracy.blackpool.gov.uk/mgUserInfo.aspx?UID=1125
Blackpool,Councillor Jim O'Neill,Marton,https://democracy.blackpool.gov.uk/mgUserInfo.aspx?UID=1069
Breckland,Councillor Robin Hunter-Clarke,Hermitage,https://democracy.breckland.gov.uk/mgUserInfo.aspx?UID=3682
Breckland,Councillor Scott Hussey,Bedingfeld,https://democracy.breckland.gov.uk/mgUserInfo.aspx?UID=3772
Breckland,Councillor Tina Kiddell,Watton,https://democracy.breckland.gov.uk/mgUserInfo.aspx?UID=2872
Breckland,Councillor Grahame Middleton,Thetford - Castle Ward,https://democracy.breckland.gov.uk/mgUserInfo.aspx?UID=3401
Breckland,Councillor Michael Westman,Thetford - Priory Ward,https://democracy.breckland.gov.uk/mgUserInfo.aspx?UID=3757
Cornwall,Paul Ashton,St Austell Poltair & Mount Charles,https://democracy.cornwall.gov.uk/mgUserInfo.aspx?UID=6467
Cornwall,Richard Barker,"St Newlyn East, Cubert & Goonhavern",https://democracy.cornwall.gov.uk/mgUserInfo.aspx?UID=6363
Cornwall,Angus Black,Calstock,https://democracy.cornwall.gov.uk/mgUserInfo.aspx?UID=6334
Cornwall,Louise Blackman,Perranporth,https://democracy.cornwall.gov.uk/mgUserInfo.aspx?UID=6309
Cornwall,Paul Cador,Saltash Trematon & Landrake,https://democracy.cornwall.gov.uk/mgUserInfo.aspx?UID=6393
Cornwall,Peter Channon,Hayle West,https://democracy.cornwall.gov.uk/mgUserInfo.aspx?UID=3842
Cornwall,Cliff Crawford,Illogan & Portreath,https://democracy.cornwall.gov.uk/mgUserInfo.aspx?UID=6277
Cornwall,Bruce Craze,"Four Lanes, Beacon & Troon",https://democracy.cornwall.gov.uk/mgUserInfo.aspx?UID=5816
Cornwall,Julie Cunningham,St Mewan & Grampound,https://democracy.cornwall.gov.uk/mgUserInfo.aspx?UID=6316
Cornwall,Susanne Desmonde,Pool & Tehidy,https://democracy.cornwall.gov.uk/mgUserInfo.aspx?UID=6281
Cornwall,Jim Gale,Lynher,https://democracy.cornwall.gov.uk/mgUserInfo.aspx?UID=6419
Cornwall,Heinz Glanville,St Columb Minor & Colan,https://democracy.cornwall.gov.uk/mgUserInfo.aspx?UID=6537
Cornwall,Kevin Grey,Liskeard Central,https://democracy.cornwall.gov.uk/mgUserInfo.aspx?UID=6446
Cornwall,Jamie Hanlon,Penwithick & Boscoppa,https://democracy.cornwall.gov.uk/mgUserInfo.aspx?UID=3970
Cornwall,Sally Harrison,Redruth South,https://democracy.cornwall.gov.uk/mgUserInfo.aspx?UID=6379
Cornwall,Rob Heslington,Gwinear-Gwithian & Hayle East,https://democracy.cornwall.gov.uk/mgUserInfo.aspx?UID=6268
Cornwall,Keith Johnson,Saltash Tamar,https://democracy.cornwall.gov.uk/mgUserInfo.aspx?UID=6391
Cornwall,Elaine Kist,St Stephen-In-Brannel,https://democracy.cornwall.gov.uk/mgUserInfo.aspx?UID=6377
Cornwall,Sean Smith,St Cleer & Menheniot,https://democracy.cornwall.gov.uk/mgUserInfo.aspx?UID=6472
Cornwall,Roger Tarrant,Redruth North,https://democracy.cornwall.gov.uk/mgUserInfo.aspx?UID=6378
Cornwall,Kevin Towill,Newquay Porth & Tretherras,https://democracy.cornwall.gov.uk/mgUserInfo.aspx?UID=2211
Cornwall,Steve Trevelyan,Roche & Bugle,https://democracy.cornwall.gov.uk/mgUserInfo.aspx?UID=6381
Cornwall,Ian Wilson,"Fowey, Tywardreath & Par",https://democracy.cornwall.gov.uk/mgUserInfo.aspx?UID=6262
Cornwall,Jack Yelland,St Austell Central & Gover,https://democracy.cornwall.gov.uk/mgUserInfo.aspx?UID=6466
Durham,Councillor Karen Allison,Annfield Plain and Tanfield,https://democracy.durham.gov.uk/mgUserInfo.aspx?UID=28113
Durham,Councillor George Anderson,Dalton and Dawdon,https://democracy.durham.gov.uk/mgUserInfo.aspx?UID=28115
Durham,Councillor Dawn Bellingham,Horden and Dene House,https://democracy.durham.gov.uk/mgUserInfo.aspx?UID=28148
Durham,Councillor Steve Biggs,Pelton,https://democracy.durham.gov.uk/mgUserInfo.aspx?UID=28162
Durham,Councillor Christine Blatchford,Stanley,https://democracy.durham.gov.uk/mgUserInfo.aspx?UID=28144
Durham,Councillor Stephen Bowron,Chilton,https://democracy.durham.gov.uk/mgUserInfo.aspx?UID=28174
Durham,Councillor Howard Brown,Easington and Shotton,https://democracy.durham.gov.uk/mgUserInfo.aspx?UID=28135
Durham,Councillor Nicole Brown,Aycliffe South,https://democracy.durham.gov.uk/mgUserInfo.aspx?UID=28128
Durham,Councillor Nick Brown,West Auckland,https://democracy.durham.gov.uk/mgUserInfo.aspx?UID=28168
Durham,Councillor Gavin Brydon,Derwent and Pont Valley,https://democracy.durham.gov.uk/mgUserInfo.aspx?UID=28129
Durham,Councillor Matt Burnard,Deerness,https://democracy.durham.gov.uk/mgUserInfo.aspx?UID=28121
Durham,Councillor Rhys Burriss,Pittington and Sherburn,https://democracy.durham.gov.uk/mgUserInfo.aspx?UID=28119
Durham,Councillor Jillian Campbell,Lower Teesdale,https://democracy.durham.gov.uk/mgUserInfo.aspx?UID=28154
Durham,Councillor Ian Catchpole,Sedgefield,https://democracy.durham.gov.uk/mgUserInfo.aspx?UID=28134
Durham,Councillor John Cook,Craghead and South Moor,https://democracy.durham.gov.uk/mgUserInfo.aspx?UID=28175
Durham,Councillor John Cottier,Horden and Dene House,https://democracy.durham.gov.uk/mgUserInfo.aspx?UID=28151
Durham,Councillor Neil Craggs,Thornley and Wheatley Hill,https://democracy.durham.gov.uk/mgUserInfo.aspx?UID=28149
Durham,Councillor Ian Cross,Pelton,https://democracy.durham.gov.uk/mgUserInfo.aspx?UID=28164
Durham,Councillor Andrew Eales,Aycliffe South,https://democracy.durham.gov.uk/mgUserInfo.aspx?UID=28132
Durham,Councillor Chris Fairs,Seaham,https://democracy.durham.gov.uk/mgUserInfo.aspx?UID=28127
Durham,Councillor Jasmine Fox,Lower Teesdale,https://democracy.durham.gov.uk/mgUserInfo.aspx?UID=28157
Durham,Councillor Lyndsey Fox,Bishop Auckland,https://democracy.durham.gov.uk/mgUserInfo.aspx?UID=28155
Durham,Councillor Mary-Lynn Franklin,Trimdon and Wingate,https://democracy.durham.gov.uk/mgUserInfo.aspx?UID=28156
Durham,Councillor Steven Franklin,Peterlee,https://democracy.durham.gov.uk/mgUserInfo.aspx?UID=28116
Durham,Councillor Kyle Genner,Bowburn and Coxhoe,https://democracy.durham.gov.uk/mgUserInfo.aspx?UID=28166
Durham,Councillor John Grant,Aycliffe South,https://democracy.durham.gov.uk/mgUserInfo.aspx?UID=28136
Durham,Councillor Stephen Gray,West Auckland,https://democracy.durham.gov.uk/mgUserInfo.aspx?UID=28170
Durham,Councillor Darren Grimes,Annfield Plain and Tanfield,https://democracy.durham.gov.uk/mgUserInfo.aspx?UID=28114
Durham,Councillor Sandra Grindle,Benfieldside,https://democracy.durham.gov.uk/mgUserInfo.aspx?UID=28146
Durham,Councillor Andrew Harrison,Seaham,https://democracy.durham.gov.uk/mgUserInfo.aspx?UID=28131
Durham,Councillor Sean Healy,Deerness,https://democracy.durham.gov.uk/mgUserInfo.aspx?UID=28123
Durham,Councillor Aaron Hillam,Craghead and South Moor,https://democracy.durham.gov.uk/mgUserInfo.aspx?UID=28176
Durham,Councillor Kenny Hope,Delves Lane,https://democracy.durham.gov.uk/mgUserInfo.aspx?UID=28125
Durham,Councillor Cathy Hunt,Willington and Hunwick,https://democracy.durham.gov.uk/mgUserInfo.aspx?UID=8048
Durham,Councillor Emma Hunt,Willington and Hunwick,https://democracy.durham.gov.uk/mgUserInfo.aspx?UID=28173
Durham,Councillor Andrew Husband,Chester-le-Street North,https://democracy.durham.gov.uk/mgUserInfo.aspx?UID=28172
Durham,Councillor Susan Husband,Trimdon and Wingate,https://democracy.durham.gov.uk/mgUserInfo.aspx?UID=28160
Durham,Councillor John Kinvig,Bishop Auckland,https://democracy.durham.gov.uk/mgUserInfo.aspx?UID=28158
Durham,Councillor Nicola Lyons,Tudhoe,https://democracy.durham.gov.uk/mgUserInfo.aspx?UID=28165
Durham,Councillor Craig Marshall,Derwent and Pont Valley,https://democracy.durham.gov.uk/mgUserInfo.aspx?UID=28130
Durham,Councillor Tim McGuinness,Aycliffe North and Middridge,https://democracy.durham.gov.uk/mgUserInfo.aspx?UID=28120
Durham,Councillor Paul Mountford,Ferryhill,https://democracy.durham.gov.uk/mgUserInfo.aspx?UID=28143
Durham,Councillor Louise Penders,Easington and Shotton,https://democracy.durham.gov.uk/mgUserInfo.aspx?UID=28514
Durham,Councillor James Pickard,Sacriston and Witton Gilbert,https://democracy.durham.gov.uk/mgUserInfo.aspx?UID=28122
Durham,Councillor Robert Potts,Evenwood,https://democracy.durham.gov.uk/mgUserInfo.aspx?UID=8074
Durham,Councillor Joe Quinn,Ferryhill,https://democracy.durham.gov.uk/mgUserInfo.aspx?UID=8043
Durham,Councillor Brian Quirey,Pelton,https://democracy.durham.gov.uk/mgUserInfo.aspx?UID=28167
Durham,Councillor Tom Redmond,Bishop Auckland,https://democracy.durham.gov.uk/mgUserInfo.aspx?UID=28163
Durham,Councillor Tim Robson,Sacriston and Witton Gilbert,https://democracy.durham.gov.uk/mgUserInfo.aspx?UID=28124
Durham,Councillor Robbie Rodiss,Crook,https://democracy.durham.gov.uk/mgUserInfo.aspx?UID=28178
Durham,Councillor Kate Rowland,Shildon and Dene Valley,https://democracy.durham.gov.uk/mgUserInfo.aspx?UID=28138
Durham,Councillor Mark Rowney,Murton,https://democracy.durham.gov.uk/mgUserInfo.aspx?UID=28161
Durham,Councillor Dawn Saunders,Peterlee,https://democracy.durham.gov.uk/mgUserInfo.aspx?UID=28117
Durham,Councillor Adrian Schulman,Crook,https://democracy.durham.gov.uk/mgUserInfo.aspx?UID=28177
Durham,Councillor Paul Sexton,Chester-le-Street South,https://democracy.durham.gov.uk/mgUserInfo.aspx?UID=5073
Durham,Councillor Saffron Sims-Brydon,Derwent and Pont Valley,https://democracy.durham.gov.uk/mgUserInfo.aspx?UID=28133
Durham,Councillor James Stephenson,Shildon and Dene Valley,https://democracy.durham.gov.uk/mgUserInfo.aspx?UID=28140
Durham,Councillor Louise Taylor,Easington and Shotton,https://democracy.durham.gov.uk/mgUserInfo.aspx?UID=28139
Durham,Councillor Jackie Teasdale,Delves Lane,https://democracy.durham.gov.uk/mgUserInfo.aspx?UID=28126
Durham,Councillor David Walton,Stanley,https://democracy.durham.gov.uk/mgUserInfo.aspx?UID=28145
Durham,Councillor Scott Woodhouse,Castle Eden and Passfield,https://democracy.durham.gov.uk/mgUserInfo.aspx?UID=28171
Kent,John Baker,Folkestone West,https://democracy.kent.gov.uk/mgUserInfo.aspx?UID=75567
Kent,Michael Brown,Dartford Rural,https://democracy.kent.gov.uk/mgUserInfo.aspx?UID=75584
Kent,Dean Burns,Ashford East,https://democracy.kent.gov.uk/mgUserInfo.aspx?UID=75626
Kent,Chris Burwash,Deal & Walmer,https://democracy.kent.gov.uk/mgUserInfo.aspx?UID=75611
Kent,Alan Cecil,Wilmington,https://democracy.kent.gov.uk/mgUserInfo.aspx?UID=75537
Kent,Paul Chamberlain,Herne Bay East,https://democracy.kent.gov.uk/mgUserInfo.aspx?UID=75664
Kent,Wayne Chapman,Tenterden,https://democracy.kent.gov.uk/mgUserInfo.aspx?UID=75733
Kent,Brian Collins,Ashford Rural East,https://democracy.kent.gov.uk/mgUserInfo.aspx?UID=75482
Kent,James Defriend,Dover Town,https://democracy.kent.gov.uk/mgUserInfo.aspx?UID=75659
Kent,Spencer Dixon,Maidstone Rural North,https://democracy.kent.gov.uk/mgUserInfo.aspx?UID=75688
Kent,Sarah Emberson,Maidstone Rural East,https://democracy.kent.gov.uk/mgUserInfo.aspx?UID=75648
Kent,Jeremy Eustace,Ashford Rural West,https://democracy.kent.gov.uk/mgUserInfo.aspx?UID=75742
Kent,Luke Evans,Birchington & Rural,https://democracy.kent.gov.uk/mgUserInfo.aspx?UID=75582
Kent,Peter Evans,Sandwich,https://democracy.kent.gov.uk/mgUserInfo.aspx?UID=75696
Kent,John Finch,Broadstairs,https://democracy.kent.gov.uk/mgUserInfo.aspx?UID=75624
Kent,Beverley Fordham,Dartford West,https://democracy.kent.gov.uk/mgUserInfo.aspx?UID=75565
Kent,Georgia Foster,Gravesend East,https://democracy.kent.gov.uk/mgUserInfo.aspx?UID=75617
Kent,Matthew Fraser Moat,Northfleet & Gravesend West,https://democracy.kent.gov.uk/mgUserInfo.aspx?UID=75676
Kent,Ben Fryer,Dartford North East,https://democracy.kent.gov.uk/mgUserInfo.aspx?UID=53178
Kent,Maxwell Harrison,Sheppey,https://democracy.kent.gov.uk/mgUserInfo.aspx?UID=75750
Kent,Jamie Henderson,Margate,https://democracy.kent.gov.uk/mgUserInfo.aspx?UID=75694
Kent,Christopher Hespe,Elham Valley,https://democracy.kent.gov.uk/mgUserInfo.aspx?UID=75543
Kent,Linden Kemkaran,Maidstone South East,https://democracy.kent.gov.uk/mgUserInfo.aspx?UID=75722
Kent,Adrian Kibble,Whitstable East & Herne Bay West,https://democracy.kent.gov.uk/mgUserInfo.aspx?UID=75708
Kent,Paul King,Dover West,https://democracy.kent.gov.uk/mgUserInfo.aspx?UID=75686
Kent,Mary Lawes,Folkestone East,https://democracy.kent.gov.uk/mgUserInfo.aspx?UID=53220
Kent,Marc Logen,Sevenoaks North & Darent Valley,https://democracy.kent.gov.uk/mgUserInfo.aspx?UID=75493
Kent,Thomas Mallon,Swanscombe and Greenhithe,https://democracy.kent.gov.uk/mgUserInfo.aspx?UID=75146
Kent,Robert Mayall,Sevenoaks Rural South,https://democracy.kent.gov.uk/mgUserInfo.aspx?UID=75503
Kent,Terry Mole,Ramsgate,https://democracy.kent.gov.uk/mgUserInfo.aspx?UID=75731
Kent,Diane Morton,Gravesham Rural,https://democracy.kent.gov.uk/mgUserInfo.aspx?UID=51288
Kent,Mark Mulvihill,Herne Village & Sturry,https://democracy.kent.gov.uk/mgUserInfo.aspx?UID=75691
Kent,Peter Osborne,Hythe West,https://democracy.kent.gov.uk/mgUserInfo.aspx?UID=75577
Kent,Chris Palmer,Sittingbourne North,https://democracy.kent.gov.uk/mgUserInfo.aspx?UID=75759
Kent,Richard Palmer,Swale West,https://democracy.kent.gov.uk/mgUserInfo.aspx?UID=53033
Kent,Martin Paul,Deal & Walmer,https://democracy.kent.gov.uk/mgUserInfo.aspx?UID=75621
Kent,Bridget Porter,Dover North,https://democracy.kent.gov.uk/mgUserInfo.aspx?UID=75644
Kent,Sharon Roots,Northfleet & Gravesend West,https://democracy.kent.gov.uk/mgUserInfo.aspx?UID=75682
Kent,Trevor Shonk,Ramsgate,https://democracy.kent.gov.uk/mgUserInfo.aspx?UID=27981
Kent,Dodger Sian,Malling North,https://democracy.kent.gov.uk/mgUserInfo.aspx?UID=75560
Kent,Garry Sturley,Gravesend East,https://democracy.kent.gov.uk/mgUserInfo.aspx?UID=75636
Kent,Albert Thorp,Dover Town,https://democracy.kent.gov.uk/mgUserInfo.aspx?UID=75666
Kent,Dean Truder,Swanley,https://democracy.kent.gov.uk/mgUserInfo.aspx?UID=75526
Kent,Ryan Waters,Dartford East,https://democracy.kent.gov.uk/mgUserInfo.aspx?UID=53077
Kent,Paul Webb,Sittingbourne South,https://democracy.kent.gov.uk/mgUserInfo.aspx?UID=75766
Kent,Nick Wibberley,Ashford South,https://democracy.kent.gov.uk/mgUserInfo.aspx?UID=75757
Kent,Pamela Williams,Ashford Central,https://democracy.kent.gov.uk/mgUserInfo.aspx?UID=75476
Kent,David Wimble,Romney Marsh,https://democracy.kent.gov.uk/mgUserInfo.aspx?UID=53234
Medway,Councillor David Finch,Rochester East and Warren Wood,https://democracy.medway.gov.uk/mgUserInfo.aspx?UID=16425
Medway,Councillor Robbie Lammas,Princes Park,https://democracy.medway.gov.uk/mgUserInfo.aspx?UID=14961
Medway,Councillor John Vye,Rochester East and Warren Wood,https://democracy.medway.gov.uk/mgUserInfo.aspx?UID=16426
Teignbridge,Councillor Stephen Horner,Teignmouth West,https://democracy.teignbridge.gov.uk/mgUserInfo.aspx?UID=1601
Boston,Councillor Jonathan Noble,Trinity,https://democracy.boston.gov.uk/mgUserInfo.aspx?UID=52
Devon,Councillor Mark Barry,Bideford East,https://democracy.devon.gov.uk/mgUserInfo.aspx?UID=11585
Devon,Councillor Helen Brown,Exmouth,https://democracy.devon.gov.uk/mgUserInfo.aspx?UID=11614
Devon,Councillor Mick Cockerham,Newton Abbot South,https://democracy.devon.gov.uk/mgUserInfo.aspx?UID=11598
Devon,Councillor Sue Davies,Hatherleigh & Chagford,https://democracy.devon.gov.uk/mgUserInfo.aspx?UID=11596
Devon,Councillor Tony Dempster,Kingsteignton & Teign Estuary,https://democracy.devon.gov.uk/mgUserInfo.aspx?UID=135
Devon,Councillor Michael Fife Cook,Yelverton Rural,https://democracy.devon.gov.uk/mgUserInfo.aspx?UID=11610
Devon,Councillor Jacqueline Fry,Newton Abbot North,https://democracy.devon.gov.uk/mgUserInfo.aspx?UID=11597
Devon,Councillor James Grainger,Okehampton Rural,https://democracy.devon.gov.uk/mgUserInfo.aspx?UID=11577
Devon,Councillor Richard Hopley,South Molton,https://democracy.devon.gov.uk/mgUserInfo.aspx?UID=11599
Devon,Councillor Heather Horner,Ipplepen & The Kerswells,https://democracy.devon.gov.uk/mgUserInfo.aspx?UID=11579
Devon,Councillor Robin Julian,Bideford West & Hartland,https://democracy.devon.gov.uk/mgUserInfo.aspx?UID=157
Devon,Councillor Neale Raleigh,Tiverton East,https://democracy.devon.gov.uk/mgUserInfo.aspx?UID=11612
Devon,Councillor Lynne Rowsell,Holsworthy Rural,https://democracy.devon.gov.uk/mgUserInfo.aspx?UID=11580
Devon,Councillor Neil Stevens QVRM,Alphington & Cowick,https://democracy.devon.gov.uk/mgUserInfo.aspx?UID=11582
Devon,Councillor Tony Stevens,Exwick & St Thomas,https://democracy.devon.gov.uk/mgUserInfo.aspx?UID=11609
Devon,Councillor Nat Vanstone,Broadclyst,https://democracy.devon.gov.uk/mgUserInfo.aspx?UID=11611
