example_interest,register_count,example_councils,example_councillors,example_register_urls
ibe to updates A to Z A B C D E F G H I J K L M N O P Q R S T U V W X Y Z Accessibility stateme,122,Durham; Durham; Durham; Durham; Durham,Councillor Karen Allison; Councillor Karen Allison; Councillor George Anderson; Councillor George Anderson; Councillor Dawn Bellingham,https://democracy.durham.gov.uk/mgUserInfo.aspx?UID=28113#content; https://democracy.durham.gov.uk/mgRofI.aspx?UID=28113&FID=-1&HPID=97483438; https://democracy.durham.gov.uk/mgUserInfo.aspx?UID=28115#content; https://democracy.durham.gov.uk/mgRofI.aspx?UID=28115&FID=-1&HPID=97483440; https://democracy.durham.gov.uk/mgUserInfo.aspx?UID=28148#content
titled-1 tt copy 3 Fill 1 Copy 10 me,84,Derbyshire; Derbyshire; Derbyshire; Derbyshire; Derbyshire,Councillor Dawn Abbott; Councillor Dawn Abbott; Councillor Nick Adams; Councillor Nick Adams; Councillor Joss Barnes,https://derbyshire.moderngov.co.uk/mgUserInfo.aspx?UID=5439#main; https://derbyshire.moderngov.co.uk/mgRofI.aspx?UID=5439&FID=-1&HPID=14116625; https://derbyshire.moderngov.co.uk/mgUserInfo.aspx?UID=5267#main; https://derbyshire.moderngov.co.uk/mgRofI.aspx?UID=5267&FID=-1&HPID=14116627; https://derbyshire.moderngov.co.uk/mgUserInfo.aspx?UID=5420#main
e capital of that class Myself My spouse o,63,Rochdale; Rochdale; Durham; Durham; Durham,Councillor Jordan Tarrant-Short; Councillor John Taylor; Councillor Karen Allison; Councillor George Anderson; Councillor Dawn Bellingham,https://rochdale.moderngov.co.uk/mgRofI.aspx?UID=7117&FID=-1&HPID=117933483; https://rochdale.moderngov.co.uk/mgRofI.aspx?UID=6293&FID=-1&HPID=117933485; https://democracy.durham.gov.uk/mgRofI.aspx?UID=28113&FID=-1&HPID=97483438; https://democracy.durham.gov.uk/mgRofI.aspx?UID=28115&FID=-1&HPID=97483440; https://democracy.durham.gov.uk/mgRofI.aspx?UID=28148&FID=-1&HPID=97483442
ests SECTION ONE - DISCLOSABLE PECUNIARY INTERESTS 1,61,Durham; Durham; Durham; Durham; Durham,Councillor Karen Allison; Councillor George Anderson; Councillor Dawn Bellingham; Councillor Steve Biggs; Councillor Christine Blatchford,https://democracy.durham.gov.uk/mgRofI.aspx?UID=28113&FID=-1&HPID=97483438; https://democracy.durham.gov.uk/mgRofI.aspx?UID=28115&FID=-1&HPID=97483440; https://democracy.durham.gov.uk/mgRofI.aspx?UID=28148&FID=-1&HPID=97483442; https://democracy.durham.gov.uk/mgRofI.aspx?UID=28162&FID=-1&HPID=97483444; https://democracy.durham.gov.uk/mgRofI.aspx?UID=28144&FID=-1&HPID=97483446
ity) who has/have made a payme,61,Durham; Durham; Durham; Durham; Durham,Councillor Karen Allison; Councillor George Anderson; Councillor Dawn Bellingham; Councillor Steve Biggs; Councillor Christine Blatchford,https://democracy.durham.gov.uk/mgRofI.aspx?UID=28113&FID=-1&HPID=97483438; https://democracy.durham.gov.uk/mgRofI.aspx?UID=28115&FID=-1&HPID=97483440; https://democracy.durham.gov.uk/mgRofI.aspx?UID=28148&FID=-1&HPID=97483442; https://democracy.durham.gov.uk/mgRofI.aspx?UID=28162&FID=-1&HPID=97483444; https://democracy.durham.gov.uk/mgRofI.aspx?UID=28144&FID=-1&HPID=97483446
g body/ies to which I have bee,61,Durham; Durham; Durham; Durham; Durham,Councillor Karen Allison; Councillor George Anderson; Councillor Dawn Bellingham; Councillor Steve Biggs; Councillor Christine Blatchford,https://democracy.durham.gov.uk/mgRofI.aspx?UID=28113&FID=-1&HPID=97483438; https://democracy.durham.gov.uk/mgRofI.aspx?UID=28115&FID=-1&HPID=97483440; https://democracy.durham.gov.uk/mgRofI.aspx?UID=28148&FID=-1&HPID=97483442; https://democracy.durham.gov.uk/mgRofI.aspx?UID=28162&FID=-1&HPID=97483444; https://democracy.durham.gov.uk/mgRofI.aspx?UID=28144&FID=-1&HPID=97483446
eceived gifts/hospitality withi,61,Durham; Durham; Durham; Durham; Durham,Councillor Karen Allison; Councillor George Anderson; Councillor Dawn Bellingham; Councillor Steve Biggs; Councillor Christine Blatchford,https://democracy.durham.gov.uk/mgRofI.aspx?UID=28113&FID=-1&HPID=97483438; https://democracy.durham.gov.uk/mgRofI.aspx?UID=28115&FID=-1&HPID=97483440; https://democracy.durham.gov.uk/mgRofI.aspx?UID=28148&FID=-1&HPID=97483442; https://democracy.durham.gov.uk/mgRofI.aspx?UID=28162&FID=-1&HPID=97483444; https://democracy.durham.gov.uk/mgRofI.aspx?UID=28144&FID=-1&HPID=97483446
cil have set out below the pecu,52,Lancashire; Lancashire; Lancashire; Lancashire; Lancashire,County Councillor Nigel Alderson; County Councillor Joanne Ash; County Councillor Mrs Marion Atkinson; County Councillor Stephen Atkinson; County Councillor Graeme Austin,https://lancashire.moderngov.co.uk/mgRofI.aspx?UID=33738&FID=-1&HPID=43916091; https://lancashire.moderngov.co.uk/mgRofI.aspx?UID=33775&FID=-1&HPID=43916093; https://lancashire.moderngov.co.uk/mgRofI.aspx?UID=33883&FID=-1&HPID=43916095; https://lancashire.moderngov.co.uk/mgRofI.aspx?UID=33642&FID=-1&HPID=43916097; https://lancashire.moderngov.co.uk/mgRofI.aspx?UID=33618&FID=-1&HPID=43916099
e capital of that class: Name of body No,52,Lancashire; Lancashire; Lancashire; Lancashire; Lancashire,County Councillor Nigel Alderson; County Councillor Joanne Ash; County Councillor Mrs Marion Atkinson; County Councillor Stephen Atkinson; County Councillor Graeme Austin,https://lancashire.moderngov.co.uk/mgRofI.aspx?UID=33738&FID=-1&HPID=43916091; https://lancashire.moderngov.co.uk/mgRofI.aspx?UID=33775&FID=-1&HPID=43916093; https://lancashire.moderngov.co.uk/mgRofI.aspx?UID=33883&FID=-1&HPID=43916095; https://lancashire.moderngov.co.uk/mgRofI.aspx?UID=33642&FID=-1&HPID=43916097; https://lancashire.moderngov.co.uk/mgRofI.aspx?UID=33618&FID=-1&HPID=43916099
ivacy Accessibility Cookies Co,52,Lancashire; Lancashire; Lancashire; Lancashire; Lancashire,County Councillor Nigel Alderson; County Councillor Joanne Ash; County Councillor Mrs Marion Atkinson; County Councillor Stephen Atkinson; County Councillor Graeme Austin,https://lancashire.moderngov.co.uk/mgRofI.aspx?UID=33738&FID=-1&HPID=43916091; https://lancashire.moderngov.co.uk/mgRofI.aspx?UID=33775&FID=-1&HPID=43916093; https://lancashire.moderngov.co.uk/mgRofI.aspx?UID=33883&FID=-1&HPID=43916095; https://lancashire.moderngov.co.uk/mgRofI.aspx?UID=33642&FID=-1&HPID=43916097; https://lancashire.moderngov.co.uk/mgRofI.aspx?UID=33618&FID=-1&HPID=43916099
estimated value of at least £25 i,51,Barnet; Bassetlaw; Bassetlaw; Bassetlaw; Bassetlaw,Councillor Mark Shooter; Councillor Warren Limber; Councillor Andrew McCallum; Councillor Lewis Stanniland; Councillor Matt Turner,https://barnet.moderngov.co.uk/mgRofI.aspx?UID=171&FID=-1&HPID=35671789; https://bassetlaw.moderngov.co.uk/mgRofI.aspx?UID=343&FID=-1&HPID=1904143; https://bassetlaw.moderngov.co.uk/mgRofI.aspx?UID=359&FID=-1&HPID=1904145; https://bassetlaw.moderngov.co.uk/mgRofI.aspx?UID=225&FID=-1&HPID=1904149; https://bassetlaw.moderngov.co.uk/mgRofI.aspx?UID=342&FID=-1&HPID=1904151
vices Office:  03000 268 823 Pho,50,Durham; Durham; Durham; Durham; Durham,Councillor Karen Allison; Councillor George Anderson; Councillor Dawn Bellingham; Councillor Steve Biggs; Councillor Christine Blatchford,https://democracy.durham.gov.uk/mgUserInfo.aspx?UID=28113#content; https://democracy.durham.gov.uk/mgUserInfo.aspx?UID=28115#content; https://democracy.durham.gov.uk/mgUserInfo.aspx?UID=28148#content; https://democracy.durham.gov.uk/mgUserInfo.aspx?UID=28162#content; https://democracy.durham.gov.uk/mgUserInfo.aspx?UID=28144#content
ch A | B | C | D | E | F | G | H | I | J | K | L | M | N | O | P | Q | R | S | T | U | V | W | X | Y | Z | Skip,47,Staffordshire; Staffordshire; Staffordshire; Staffordshire; Staffordshire,Patrick Allen; Sean Bagguley; Thomas Baker; Su Beardmore; Gary Bentley,https://staffordshire.moderngov.co.uk/mgRofI.aspx?UID=21043&FID=-1&HPID=164293870; https://staffordshire.moderngov.co.uk/mgRofI.aspx?UID=21183&FID=-1&HPID=164293872; https://staffordshire.moderngov.co.uk/mgRofI.aspx?UID=21196&FID=-1&HPID=164293874; https://staffordshire.moderngov.co.uk/mgRofI.aspx?UID=21022&FID=-1&HPID=164293876; https://staffordshire.moderngov.co.uk/mgRofI.aspx?UID=21016&FID=-1&HPID=164293878
| Facebook | Youtube | | Quick Li,47,Staffordshire; Staffordshire; Staffordshire; Staffordshire; Staffordshire,Patrick Allen; Sean Bagguley; Thomas Baker; Su Beardmore; Gary Bentley,https://staffordshire.moderngov.co.uk/mgRofI.aspx?UID=21043&FID=-1&HPID=164293870; https://staffordshire.moderngov.co.uk/mgRofI.aspx?UID=21183&FID=-1&HPID=164293872; https://staffordshire.moderngov.co.uk/mgRofI.aspx?UID=21196&FID=-1&HPID=164293874; https://staffordshire.moderngov.co.uk/mgRofI.aspx?UID=21022&FID=-1&HPID=164293876; https://staffordshire.moderngov.co.uk/mgRofI.aspx?UID=21016&FID=-1&HPID=164293878
32 of the Localism Act - Home add,47,Durham; Durham; Durham; Durham; Durham,Councillor Karen Allison; Councillor Karen Allison; Councillor Dawn Bellingham; Councillor Nicole Brown; Councillor Gavin Brydon,https://democracy.durham.gov.uk/mgRofI.aspx?UID=28113&FID=-1&HPID=97483438; https://democracy.durham.gov.uk/mgRofI.aspx?UID=28113&FID=-1&HPID=97483438; https://democracy.durham.gov.uk/mgRofI.aspx?UID=28148&FID=-1&HPID=97483442; https://democracy.durham.gov.uk/mgRofI.aspx?UID=28128&FID=-1&HPID=97483453; https://democracy.durham.gov.uk/mgRofI.aspx?UID=28129&FID=-1&HPID=97483460
e SECTION TWO - OTHER INTERESTS 8,45,Durham; Durham; Durham; Durham; Durham,Councillor Karen Allison; Councillor George Anderson; Councillor Steve Biggs; Councillor Stephen Bowron; Councillor Howard Brown,https://democracy.durham.gov.uk/mgRofI.aspx?UID=28113&FID=-1&HPID=97483438; https://democracy.durham.gov.uk/mgRofI.aspx?UID=28115&FID=-1&HPID=97483440; https://democracy.durham.gov.uk/mgRofI.aspx?UID=28162&FID=-1&HPID=97483444; https://democracy.durham.gov.uk/mgRofI.aspx?UID=28174&FID=-1&HPID=97483449; https://democracy.durham.gov.uk/mgRofI.aspx?UID=28135&FID=-1&HPID=97483451
excess of £50 which you have accepted as a membe,44,Derbyshire; Derbyshire; Derbyshire; Derbyshire; Derbyshire,Councillor Dawn Abbott; Councillor Nick Adams; Councillor Joss Barnes; Councillor Matthew Benfield; Councillor Stuart Bent,https://derbyshire.moderngov.co.uk/mgRofI.aspx?UID=5439&FID=-1&HPID=14116625; https://derbyshire.moderngov.co.uk/mgRofI.aspx?UID=5267&FID=-1&HPID=14116627; https://derbyshire.moderngov.co.uk/mgRofI.aspx?UID=5420&FID=-1&HPID=14116629; https://derbyshire.moderngov.co.uk/mgRofI.aspx?UID=5449&FID=-1&HPID=14116631; https://derbyshire.moderngov.co.uk/mgRofI.aspx?UID=5263&FID=-1&HPID=14116633
cil: Name of Body Details Refo,43,Lancashire; Lancashire; Lancashire; Lancashire; Lancashire,County Councillor Nigel Alderson; County Councillor Joanne Ash; County Councillor Mrs Marion Atkinson; County Councillor Clive Balchin; County Councillor Andy Blake,https://lancashire.moderngov.co.uk/mgRofI.aspx?UID=33738&FID=-1&HPID=43916091; https://lancashire.moderngov.co.uk/mgRofI.aspx?UID=33775&FID=-1&HPID=43916093; https://lancashire.moderngov.co.uk/mgRofI.aspx?UID=33883&FID=-1&HPID=43916095; https://lancashire.moderngov.co.uk/mgRofI.aspx?UID=33757&FID=-1&HPID=43916101; https://lancashire.moderngov.co.uk/mgRofI.aspx?UID=33807&FID=-1&HPID=43916103
s Executive Posts MPs What's New Cou,42,Derbyshire; Derbyshire; Derbyshire; Derbyshire; Derbyshire,Councillor Dawn Abbott; Councillor Dawn Abbott; Councillor Nick Adams; Councillor Nick Adams; Councillor Joss Barnes,https://derbyshire.moderngov.co.uk/mgUserInfo.aspx?UID=5439#main; https://derbyshire.moderngov.co.uk/mgUserInfo.aspx?UID=5439#main; https://derbyshire.moderngov.co.uk/mgUserInfo.aspx?UID=5267#main; https://derbyshire.moderngov.co.uk/mgUserInfo.aspx?UID=5267#main; https://derbyshire.moderngov.co.uk/mgUserInfo.aspx?UID=5420#main
s Executive Posts MPs What's New Registe,42,Derbyshire; Derbyshire; Derbyshire; Derbyshire; Derbyshire,Councillor Dawn Abbott; Councillor Dawn Abbott; Councillor Nick Adams; Councillor Nick Adams; Councillor Joss Barnes,https://derbyshire.moderngov.co.uk/mgRofI.aspx?UID=5439&FID=-1&HPID=14116625; https://derbyshire.moderngov.co.uk/mgRofI.aspx?UID=5439&FID=-1&HPID=14116625; https://derbyshire.moderngov.co.uk/mgRofI.aspx?UID=5267&FID=-1&HPID=14116627; https://derbyshire.moderngov.co.uk/mgRofI.aspx?UID=5267&FID=-1&HPID=14116627; https://derbyshire.moderngov.co.uk/mgRofI.aspx?UID=5420&FID=-1&HPID=14116629
t to office; (b) fail to disclose at a meeti,42,Derbyshire; Derbyshire; Derbyshire; Derbyshire; Derbyshire,Councillor Dawn Abbott; Councillor Nick Adams; Councillor Joss Barnes; Councillor Matthew Benfield; Councillor Stuart Bent,https://derbyshire.moderngov.co.uk/mgRofI.aspx?UID=5439&FID=-1&HPID=14116625; https://derbyshire.moderngov.co.uk/mgRofI.aspx?UID=5267&FID=-1&HPID=14116627; https://derbyshire.moderngov.co.uk/mgRofI.aspx?UID=5420&FID=-1&HPID=14116629; https://derbyshire.moderngov.co.uk/mgRofI.aspx?UID=5449&FID=-1&HPID=14116631; https://derbyshire.moderngov.co.uk/mgRofI.aspx?UID=5263&FID=-1&HPID=14116633
est that I have disclosed at a meeti,42,Derbyshire; Derbyshire; Derbyshire; Derbyshire; Derbyshire,Councillor Dawn Abbott; Councillor Nick Adams; Councillor Joss Barnes; Councillor Matthew Benfield; Councillor Stuart Bent,https://derbyshire.moderngov.co.uk/mgRofI.aspx?UID=5439&FID=-1&HPID=14116625; https://derbyshire.moderngov.co.uk/mgRofI.aspx?UID=5267&FID=-1&HPID=14116627; https://derbyshire.moderngov.co.uk/mgRofI.aspx?UID=5420&FID=-1&HPID=14116629; https://derbyshire.moderngov.co.uk/mgRofI.aspx?UID=5449&FID=-1&HPID=14116631; https://derbyshire.moderngov.co.uk/mgRofI.aspx?UID=5263&FID=-1&HPID=14116633
28 days of the date I made the disclosu,42,Derbyshire; Derbyshire; Derbyshire; Derbyshire; Derbyshire,Councillor Dawn Abbott; Councillor Nick Adams; Councillor Joss Barnes; Councillor Matthew Benfield; Councillor Stuart Bent,https://derbyshire.moderngov.co.uk/mgRofI.aspx?UID=5439&FID=-1&HPID=14116625; https://derbyshire.moderngov.co.uk/mgRofI.aspx?UID=5267&FID=-1&HPID=14116627; https://derbyshire.moderngov.co.uk/mgRofI.aspx?UID=5420&FID=-1&HPID=14116629; https://derbyshire.moderngov.co.uk/mgRofI.aspx?UID=5449&FID=-1&HPID=14116631; https://derbyshire.moderngov.co.uk/mgRofI.aspx?UID=5263&FID=-1&HPID=14116633
which I have a Disclosable Pecu,42,Derbyshire; Derbyshire; Derbyshire; Derbyshire; Derbyshire,Councillor Dawn Abbott; Councillor Nick Adams; Councillor Joss Barnes; Councillor Matthew Benfield; Councillor Stuart Bent,https://derbyshire.moderngov.co.uk/mgRofI.aspx?UID=5439&FID=-1&HPID=14116625; https://derbyshire.moderngov.co.uk/mgRofI.aspx?UID=5267&FID=-1&HPID=14116627; https://derbyshire.moderngov.co.uk/mgRofI.aspx?UID=5420&FID=-1&HPID=14116629; https://derbyshire.moderngov.co.uk/mgRofI.aspx?UID=5449&FID=-1&HPID=14116631; https://derbyshire.moderngov.co.uk/mgRofI.aspx?UID=5263&FID=-1&HPID=14116633
d that I may be disqualified fo,42,Derbyshire; Derbyshire; Derbyshire; Derbyshire; Derbyshire,Councillor Dawn Abbott; Councillor Nick Adams; Councillor Joss Barnes; Councillor Matthew Benfield; Councillor Stuart Bent,https://derbyshire.moderngov.co.uk/mgRofI.aspx?UID=5439&FID=-1&HPID=14116625; https://derbyshire.moderngov.co.uk/mgRofI.aspx?UID=5267&FID=-1&HPID=14116627; https://derbyshire.moderngov.co.uk/mgRofI.aspx?UID=5420&FID=-1&HPID=14116629; https://derbyshire.moderngov.co.uk/mgRofI.aspx?UID=5449&FID=-1&HPID=14116631; https://derbyshire.moderngov.co.uk/mgRofI.aspx?UID=5263&FID=-1&HPID=14116633
", I will disclose this as a se",42,Derbyshire; Derbyshire; Derbyshire; Derbyshire; Derbyshire,Councillor Dawn Abbott; Councillor Nick Adams; Councillor Joss Barnes; Councillor Matthew Benfield; Councillor Stuart Bent,https://derbyshire.moderngov.co.uk/mgRofI.aspx?UID=5439&FID=-1&HPID=14116625; https://derbyshire.moderngov.co.uk/mgRofI.aspx?UID=5267&FID=-1&HPID=14116627; https://derbyshire.moderngov.co.uk/mgRofI.aspx?UID=5420&FID=-1&HPID=14116629; https://derbyshire.moderngov.co.uk/mgRofI.aspx?UID=5449&FID=-1&HPID=14116631; https://derbyshire.moderngov.co.uk/mgRofI.aspx?UID=5263&FID=-1&HPID=14116633
m of Office 06/05/2025 - 07/05/2029 Appoi,40,Derbyshire; Derbyshire; Derbyshire; Derbyshire; Derbyshire,Councillor Dawn Abbott; Councillor Nick Adams; Councillor Joss Barnes; Councillor Matthew Benfield; Councillor Stuart Bent,https://derbyshire.moderngov.co.uk/mgUserInfo.aspx?UID=5439#main; https://derbyshire.moderngov.co.uk/mgUserInfo.aspx?UID=5267#main; https://derbyshire.moderngov.co.uk/mgUserInfo.aspx?UID=5420#main; https://derbyshire.moderngov.co.uk/mgUserInfo.aspx?UID=5449#main; https://derbyshire.moderngov.co.uk/mgUserInfo.aspx?UID=5263#main
", 01/05/2025 Accessibility | Disclaime",40,Derbyshire; Derbyshire; Derbyshire; Derbyshire; Derbyshire,Councillor Dawn Abbott; Councillor Nick Adams; Councillor Joss Barnes; Councillor Matthew Benfield; Councillor Stuart Bent,https://derbyshire.moderngov.co.uk/mgUserInfo.aspx?UID=5439#main; https://derbyshire.moderngov.co.uk/mgUserInfo.aspx?UID=5267#main; https://derbyshire.moderngov.co.uk/mgUserInfo.aspx?UID=5420#main; https://derbyshire.moderngov.co.uk/mgUserInfo.aspx?UID=5449#main; https://derbyshire.moderngov.co.uk/mgUserInfo.aspx?UID=5263#main
SECTION 3 - NOTIFICATION OF GIFTS AND HOSPITALITY 12,40,Durham; Durham; Durham; Durham; Durham,Councillor Karen Allison; Councillor Dawn Bellingham; Councillor Christine Blatchford; Councillor Nicole Brown; Councillor Gavin Brydon,https://democracy.durham.gov.uk/mgRofI.aspx?UID=28113&FID=-1&HPID=97483438; https://democracy.durham.gov.uk/mgRofI.aspx?UID=28148&FID=-1&HPID=97483442; https://democracy.durham.gov.uk/mgRofI.aspx?UID=28144&FID=-1&HPID=97483446; https://democracy.durham.gov.uk/mgRofI.aspx?UID=28128&FID=-1&HPID=97483453; https://democracy.durham.gov.uk/mgRofI.aspx?UID=28129&FID=-1&HPID=97483460
e capital of that body is of mo,38,Barnet; Bassetlaw; Bassetlaw; Bassetlaw; Bassetlaw,Councillor Mark Shooter; Councillor Warren Limber; Councillor Andrew McCallum; Councillor Fraser McFarland; Councillor Lewis Stanniland,https://barnet.moderngov.co.uk/mgRofI.aspx?UID=171&FID=-1&HPID=35671789; https://bassetlaw.moderngov.co.uk/mgRofI.aspx?UID=343&FID=-1&HPID=1904143; https://bassetlaw.moderngov.co.uk/mgRofI.aspx?UID=359&FID=-1&HPID=1904145; https://bassetlaw.moderngov.co.uk/mgRofI.aspx?UID=287&FID=-1&HPID=1904147; https://bassetlaw.moderngov.co.uk/mgRofI.aspx?UID=225&FID=-1&HPID=1904149
ibe to updates What's New © Civica UK Ltd,32,Somerset; Somerset; Somerset; Somerset; Somerset,Councillor Marcus Barr; Councillor Marcus Barr; Councillor John Cook-Woodman; Councillor John Cook-Woodman; Councillor Bente Height,https://somerset.moderngov.co.uk/mgUserInfo.aspx?UID=119#mgMainContent; https://somerset.moderngov.co.uk/mgRofI.aspx?UID=119&FID=-1&HPID=7882995; https://somerset.moderngov.co.uk/mgUserInfo.aspx?UID=136#mgMainContent; https://somerset.moderngov.co.uk/mgRofI.aspx?UID=136&FID=-1&HPID=7882997; https://somerset.moderngov.co.uk/mgUserInfo.aspx?UID=161#mgMainContent
g A to Z Help Accessibility help Co,32,Devon; Devon; Devon; Devon; Devon,Councillor Mark Barry; Councillor Mark Barry; Councillor Helen Brown; Councillor Helen Brown; Councillor Mick Cockerham,https://democracy.devon.gov.uk/mgUserInfo.aspx?UID=11585#content; https://democracy.devon.gov.uk/mgRofI.aspx?UID=11585&FID=-1&HPID=12778478; https://democracy.devon.gov.uk/mgUserInfo.aspx?UID=11614#content; https://democracy.devon.gov.uk/mgRofI.aspx?UID=11614&FID=-1&HPID=12778480; https://democracy.devon.gov.uk/mgUserInfo.aspx?UID=11598#content
ibe to updates What's New Home Siobha,30,Broxbourne; Somerset; Somerset; Somerset; Worcestershire,Siobhan Monaghan; Councillor Marcus Barr; Councillor John Cook-Woodman; Councillor Bente Height; Councillor Alan Amos,https://broxbourne.moderngov.co.uk/mgUserInfo.aspx?UID=125#mgMainContent; https://somerset.moderngov.co.uk/mgUserInfo.aspx?UID=119#mgMainContent; https://somerset.moderngov.co.uk/mgUserInfo.aspx?UID=136#mgMainContent; https://somerset.moderngov.co.uk/mgUserInfo.aspx?UID=161#mgMainContent; https://worcestershire.moderngov.co.uk/mgUserInfo.aspx?UID=45#mgMainContent
cil website Please tell us whethe,24,Cornwall; Cornwall; Cornwall; Cornwall; Cornwall,Paul Ashton; Richard Barker; Angus Black; Louise Blackman; Paul Cador,https://www.cornwall.gov.uk/the-council-and-democracy/; https://www.cornwall.gov.uk/the-council-and-democracy/; https://www.cornwall.gov.uk/the-council-and-democracy/; https://www.cornwall.gov.uk/the-council-and-democracy/; https://www.cornwall.gov.uk/the-council-and-democracy/
We have published a list of detailed i,24,Cornwall; Cornwall; Cornwall; Cornwall; Cornwall,Paul Ashton; Richard Barker; Angus Black; Louise Blackman; Paul Cador,https://www.cornwall.gov.uk/the-council-and-democracy/; https://www.cornwall.gov.uk/the-council-and-democracy/; https://www.cornwall.gov.uk/the-council-and-democracy/; https://www.cornwall.gov.uk/the-council-and-democracy/; https://www.cornwall.gov.uk/the-council-and-democracy/
"g videos, social media feeds a",24,Cornwall; Cornwall; Cornwall; Cornwall; Cornwall,Paul Ashton; Richard Barker; Angus Black; Louise Blackman; Paul Cador,https://www.cornwall.gov.uk/the-council-and-democracy/; https://www.cornwall.gov.uk/the-council-and-democracy/; https://www.cornwall.gov.uk/the-council-and-democracy/; https://www.cornwall.gov.uk/the-council-and-democracy/; https://www.cornwall.gov.uk/the-council-and-democracy/
some cases these cookies will be used by the thi,24,Cornwall; Cornwall; Cornwall; Cornwall; Cornwall,Paul Ashton; Richard Barker; Angus Black; Louise Blackman; Paul Cador,https://www.cornwall.gov.uk/the-council-and-democracy/; https://www.cornwall.gov.uk/the-council-and-democracy/; https://www.cornwall.gov.uk/the-council-and-democracy/; https://www.cornwall.gov.uk/the-council-and-democracy/; https://www.cornwall.gov.uk/the-council-and-democracy/
"Although the page will display, ma",24,Cornwall; Cornwall; Cornwall; Cornwall; Cornwall,Paul Ashton; Richard Barker; Angus Black; Louise Blackman; Paul Cador,https://www.cornwall.gov.uk/the-council-and-democracy/; https://www.cornwall.gov.uk/the-council-and-democracy/; https://www.cornwall.gov.uk/the-council-and-democracy/; https://www.cornwall.gov.uk/the-council-and-democracy/; https://www.cornwall.gov.uk/the-council-and-democracy/
ms of use Website accessibility stateme,24,Cornwall; Cornwall; Cornwall; Cornwall; Cornwall,Paul Ashton; Richard Barker; Angus Black; Louise Blackman; Paul Cador,https://www.cornwall.gov.uk/the-council-and-democracy/; https://www.cornwall.gov.uk/the-council-and-democracy/; https://www.cornwall.gov.uk/the-council-and-democracy/; https://www.cornwall.gov.uk/the-council-and-democracy/; https://www.cornwall.gov.uk/the-council-and-democracy/
cil webcast 13 Feb 2026 Use of cookies Te,24,Cornwall; Cornwall; Cornwall; Cornwall; Cornwall,Paul Ashton; Richard Barker; Angus Black; Louise Blackman; Paul Cador,https://www.cornwall.gov.uk/the-council-and-democracy/; https://www.cornwall.gov.uk/the-council-and-democracy/; https://www.cornwall.gov.uk/the-council-and-democracy/; https://www.cornwall.gov.uk/the-council-and-democracy/; https://www.cornwall.gov.uk/the-council-and-democracy/
a Clegg Falmouth Boslowick Labou,24,Cornwall; Cornwall; Cornwall; Cornwall; Cornwall,Paul Ashton; Richard Barker; Angus Black; Louise Blackman; Paul Cador,https://democracy.cornwall.gov.uk/mgMemberIndex.aspx?bcr=1; https://democracy.cornwall.gov.uk/mgMemberIndex.aspx?bcr=1; https://democracy.cornwall.gov.uk/mgMemberIndex.aspx?bcr=1; https://democracy.cornwall.gov.uk/mgMemberIndex.aspx?bcr=1; https://democracy.cornwall.gov.uk/mgMemberIndex.aspx?bcr=1
ew Mitchell St Ives West & Towed,24,Cornwall; Cornwall; Cornwall; Cornwall; Cornwall,Paul Ashton; Richard Barker; Angus Black; Louise Blackman; Paul Cador,https://democracy.cornwall.gov.uk/mgMemberIndex.aspx?bcr=1; https://democracy.cornwall.gov.uk/mgMemberIndex.aspx?bcr=1; https://democracy.cornwall.gov.uk/mgMemberIndex.aspx?bcr=1; https://democracy.cornwall.gov.uk/mgMemberIndex.aspx?bcr=1; https://democracy.cornwall.gov.uk/mgMemberIndex.aspx?bcr=1
at James Mustoe Mevagissey & St Austell Bay Co,24,Cornwall; Cornwall; Cornwall; Cornwall; Cornwall,Paul Ashton; Richard Barker; Angus Black; Louise Blackman; Paul Cador,https://democracy.cornwall.gov.uk/mgMemberIndex.aspx?bcr=1; https://democracy.cornwall.gov.uk/mgMemberIndex.aspx?bcr=1; https://democracy.cornwall.gov.uk/mgMemberIndex.aspx?bcr=1; https://democracy.cornwall.gov.uk/mgMemberIndex.aspx?bcr=1; https://democracy.cornwall.gov.uk/mgMemberIndex.aspx?bcr=1
oup James O'Keefe Padstow Libe,24,Cornwall; Cornwall; Cornwall; Cornwall; Cornwall,Paul Ashton; Richard Barker; Angus Black; Louise Blackman; Paul Cador,https://democracy.cornwall.gov.uk/mgMemberIndex.aspx?bcr=1; https://democracy.cornwall.gov.uk/mgMemberIndex.aspx?bcr=1; https://democracy.cornwall.gov.uk/mgMemberIndex.aspx?bcr=1; https://democracy.cornwall.gov.uk/mgMemberIndex.aspx?bcr=1; https://democracy.cornwall.gov.uk/mgMemberIndex.aspx?bcr=1
Rowse St Austell Bethel & Holmbush Co,24,Cornwall; Cornwall; Cornwall; Cornwall; Cornwall,Paul Ashton; Richard Barker; Angus Black; Louise Blackman; Paul Cador,https://democracy.cornwall.gov.uk/mgMemberIndex.aspx?bcr=1; https://democracy.cornwall.gov.uk/mgMemberIndex.aspx?bcr=1; https://democracy.cornwall.gov.uk/mgMemberIndex.aspx?bcr=1; https://democracy.cornwall.gov.uk/mgMemberIndex.aspx?bcr=1; https://democracy.cornwall.gov.uk/mgMemberIndex.aspx?bcr=1
m UK Feedback Legal Notices Copy,24,Cornwall; Cornwall; Cornwall; Cornwall; Cornwall,Paul Ashton; Richard Barker; Angus Black; Louise Blackman; Paul Cador,https://democracy.cornwall.gov.uk/mgMemberIndex.aspx?bcr=1; https://democracy.cornwall.gov.uk/mgMemberIndex.aspx?bcr=1; https://democracy.cornwall.gov.uk/mgMemberIndex.aspx?bcr=1; https://democracy.cornwall.gov.uk/mgMemberIndex.aspx?bcr=1; https://democracy.cornwall.gov.uk/mgMemberIndex.aspx?bcr=1
ed by s29(1) of the Localism Act 2011) 1,24,Cornwall; Cornwall; Cornwall; Cornwall; Cornwall,Paul Ashton; Richard Barker; Angus Black; Louise Blackman; Paul Cador,https://democracy.cornwall.gov.uk/mgRofI.aspx?UID=6467&FID=-1&HPID=583143002; https://democracy.cornwall.gov.uk/mgRofI.aspx?UID=6363&FID=-1&HPID=583143007; https://democracy.cornwall.gov.uk/mgRofI.aspx?UID=6334&FID=-1&HPID=583143009; https://democracy.cornwall.gov.uk/mgRofI.aspx?UID=6309&FID=-1&HPID=583143011; https://democracy.cornwall.gov.uk/mgRofI.aspx?UID=6393&FID=-1&HPID=583143013
m of Office 06/05/2025 - Appoi,22,Worcestershire; Worcestershire; Worcestershire; Worcestershire; Worcestershire,Councillor Sam Bastow; Councillor Satinder Bell; Councillor Roger Bennett; Councillor Justin Bowen; Councillor Owen Cleary,https://worcestershire.moderngov.co.uk/mgUserInfo.aspx?UID=1890#mgMainContent; https://worcestershire.moderngov.co.uk/mgUserInfo.aspx?UID=1878#mgMainContent; https://worcestershire.moderngov.co.uk/mgUserInfo.aspx?UID=1896#mgMainContent; https://worcestershire.moderngov.co.uk/mgUserInfo.aspx?UID=1880#mgMainContent; https://worcestershire.moderngov.co.uk/mgUserInfo.aspx?UID=1893#mgMainContent
MP Outside Bodies What's New Wa,21,Warwickshire; Warwickshire; Warwickshire; Warwickshire; Warwickshire,Councillor Robert Aitkenhead; Councillor Michael Bannister; Councillor Dale Bridgewater; Councillor Wayne Briggs; Councillor Scott Cameron,https://warwickshire.moderngov.co.uk/mgRofI.aspx?UID=8076&FID=-1&HPID=28856560; https://warwickshire.moderngov.co.uk/mgRofI.aspx?UID=8090&FID=-1&HPID=28856562; https://warwickshire.moderngov.co.uk/mgRofI.aspx?UID=8088&FID=-1&HPID=28856564; https://warwickshire.moderngov.co.uk/mgRofI.aspx?UID=8081&FID=-1&HPID=28856566; https://warwickshire.moderngov.co.uk/mgRofI.aspx?UID=8077&FID=-1&HPID=28856568
"cludes all websites, Facebook p",20,Northumberland; Northumberland; Northumberland; Northumberland; Northumberland,Councillor Scott Amery; Councillor Ben Audsley; Councillor Trevor Michael Austin; Councillor Rick Baker; Councillor Pauline Davidson,https://northumberland.moderngov.co.uk/mgRofI.aspx?UID=3419&FID=-1&HPID=5352227; https://northumberland.moderngov.co.uk/mgRofI.aspx?UID=3433&FID=-1&HPID=5352229; https://northumberland.moderngov.co.uk/mgRofI.aspx?UID=3417&FID=-1&HPID=5352231; https://northumberland.moderngov.co.uk/mgRofI.aspx?UID=3422&FID=-1&HPID=5352233; https://northumberland.moderngov.co.uk/mgRofI.aspx?UID=3415&FID=-1&HPID=5352235
aphs (a) to (g) above Name of Body FACEBOOK ©No,15,Northumberland; Northumberland; Northumberland; Northumberland; Northumberland,Councillor Scott Amery; Councillor Ben Audsley; Councillor Rick Baker; Councillor Pauline Davidson; Councillor Barry Elliott,https://northumberland.moderngov.co.uk/mgRofI.aspx?UID=3419&FID=-1&HPID=5352227; https://northumberland.moderngov.co.uk/mgRofI.aspx?UID=3433&FID=-1&HPID=5352229; https://northumberland.moderngov.co.uk/mgRofI.aspx?UID=3422&FID=-1&HPID=5352233; https://northumberland.moderngov.co.uk/mgRofI.aspx?UID=3415&FID=-1&HPID=5352235; https://northumberland.moderngov.co.uk/mgRofI.aspx?UID=3444&FID=-1&HPID=5352237
m of Office 02/05/2025 - 03/05/2029 Additio,14,Devon; Devon; Devon; Devon; Devon,Councillor Mark Barry; Councillor Helen Brown; Councillor Mick Cockerham; Councillor Sue Davies; Councillor Michael Fife Cook,https://democracy.devon.gov.uk/mgUserInfo.aspx?UID=11585#content; https://democracy.devon.gov.uk/mgUserInfo.aspx?UID=11614#content; https://democracy.devon.gov.uk/mgUserInfo.aspx?UID=11598#content; https://democracy.devon.gov.uk/mgUserInfo.aspx?UID=11596#content; https://democracy.devon.gov.uk/mgUserInfo.aspx?UID=11610#content
e - SECTION TWO - OTHER INTERESTS 8,13,Durham; Durham; Durham; Durham; Durham,Councillor Dawn Bellingham; Councillor Christine Blatchford; Councillor Nicole Brown; Councillor Nick Brown; Councillor Matt Burnard,https://democracy.durham.gov.uk/mgRofI.aspx?UID=28148&FID=-1&HPID=97483442; https://democracy.durham.gov.uk/mgRofI.aspx?UID=28144&FID=-1&HPID=97483446; https://democracy.durham.gov.uk/mgRofI.aspx?UID=28128&FID=-1&HPID=97483453; https://democracy.durham.gov.uk/mgRofI.aspx?UID=28168&FID=-1&HPID=97483457; https://democracy.durham.gov.uk/mgRofI.aspx?UID=28121&FID=-1&HPID=97483462
vices Office: 03000 268 823 Pho,10,Durham; Durham; Durham; Durham; Durham,Councillor Nicole Brown; Councillor Gavin Brydon; Councillor Matt Burnard; Councillor Ian Catchpole; Councillor John Cook,https://democracy.durham.gov.uk/mgUserInfo.aspx?UID=28128#content; https://democracy.durham.gov.uk/mgUserInfo.aspx?UID=28129#content; https://democracy.durham.gov.uk/mgUserInfo.aspx?UID=28121#content; https://democracy.durham.gov.uk/mgUserInfo.aspx?UID=28134#content; https://democracy.durham.gov.uk/mgUserInfo.aspx?UID=28175#content
estimated value of at least £50 that you have,8,Havant; Havant; Havant; Havant; Havant,Councillor Sharon Collings; Councillor Caren Diamond; Councillor Sarah Milne; Councillor Vicky Rhodes; Councillor Gwen Robinson,https://havant.moderngov.co.uk/mgRofI.aspx?UID=1074&FID=-1&HPID=6456340; https://havant.moderngov.co.uk/mgRofI.aspx?UID=36&FID=-1&HPID=6456342; https://havant.moderngov.co.uk/mgRofI.aspx?UID=744&FID=-1&HPID=6456344; https://havant.moderngov.co.uk/mgRofI.aspx?UID=1093&FID=-1&HPID=6456346; https://havant.moderngov.co.uk/mgRofI.aspx?UID=806&FID=-1&HPID=6456348
published” “A disclosable pecu,8,Derbyshire; Derbyshire; Derbyshire; Derbyshire; Derbyshire,Councillor Nick Adams; Councillor Roy Hallett; Councillor Kevin Harper; Councillor Richard Hatfield; Councillor Charlotte Hill,https://derbyshire.moderngov.co.uk/mgRofI.aspx?UID=5267&FID=-1&HPID=14116627; https://derbyshire.moderngov.co.uk/mgRofI.aspx?UID=5318&FID=-1&HPID=14116653; https://derbyshire.moderngov.co.uk/mgRofI.aspx?UID=5275&FID=-1&HPID=14116655; https://derbyshire.moderngov.co.uk/mgRofI.aspx?UID=5222&FID=-1&HPID=14116659; https://derbyshire.moderngov.co.uk/mgRofI.aspx?UID=5465&FID=-1&HPID=14116661
otice that I have set out my i,8,Havant; Havant; Havant; Havant; Havant,Councillor Sharon Collings; Councillor Caren Diamond; Councillor Sarah Milne; Councillor Vicky Rhodes; Councillor Gwen Robinson,https://havant.moderngov.co.uk/mgRofI.aspx?UID=1074&FID=-1&HPID=6456340; https://havant.moderngov.co.uk/mgRofI.aspx?UID=36&FID=-1&HPID=6456342; https://havant.moderngov.co.uk/mgRofI.aspx?UID=744&FID=-1&HPID=6456344; https://havant.moderngov.co.uk/mgRofI.aspx?UID=1093&FID=-1&HPID=6456346; https://havant.moderngov.co.uk/mgRofI.aspx?UID=806&FID=-1&HPID=6456348
e - SECTION 3 - NOTIFICATION OF GIFTS AND HOSPITALITY 12,8,Durham; Durham; Durham; Durham; Durham,Councillor George Anderson; Councillor Steve Biggs; Councillor Nick Brown; Councillor Ian Cross; Councillor Andrew Eales,https://democracy.durham.gov.uk/mgRofI.aspx?UID=28115&FID=-1&HPID=97483440; https://democracy.durham.gov.uk/mgRofI.aspx?UID=28162&FID=-1&HPID=97483444; https://democracy.durham.gov.uk/mgRofI.aspx?UID=28168&FID=-1&HPID=97483457; https://democracy.durham.gov.uk/mgRofI.aspx?UID=28164&FID=-1&HPID=97483477; https://democracy.durham.gov.uk/mgRofI.aspx?UID=28132&FID=-1&HPID=97483479
e (a) that body has a place of busi,7,St. Helens; St. Helens; St. Helens; West Sussex; West Sussex,Councillor Victor Floyd; Councillor David Hawley; Councillor John Pinnington; Councillor Andrew Baldwin; Councillor Trevor Bence,https://sthelens.moderngov.co.uk/mgRofI.aspx?UID=4206&FID=-1&HPID=38480263; https://sthelens.moderngov.co.uk/mgRofI.aspx?UID=4031&FID=-1&HPID=38480265; https://sthelens.moderngov.co.uk/mgRofI.aspx?UID=4230&FID=-1&HPID=38480267; https://westsussex.moderngov.co.uk/mgRofI.aspx?UID=234&FID=-1&HPID=70445714; https://westsussex.moderngov.co.uk/mgRofI.aspx?UID=1652&FID=-1&HPID=70445718
e SECTION 3 - NOTIFICATION OF GIFTS AND HOSPITALITY 12,7,Durham; Durham; Durham; Durham; Durham,Councillor Mary-Lynn Franklin; Councillor Sandra Grindle; Councillor Cathy Hunt; Councillor Emma Hunt; Councillor Susan Husband,https://democracy.durham.gov.uk/mgRofI.aspx?UID=28156&FID=-1&HPID=97483489; https://democracy.durham.gov.uk/mgRofI.aspx?UID=28146&FID=-1&HPID=97483501; https://democracy.durham.gov.uk/mgRofI.aspx?UID=8048&FID=-1&HPID=97483512; https://democracy.durham.gov.uk/mgRofI.aspx?UID=28173&FID=-1&HPID=97483514; https://democracy.durham.gov.uk/mgRofI.aspx?UID=28160&FID=-1&HPID=97483518
"ities exceeds £25,000 (face value) o",6,Thanet; Thanet; Thanet; Medway; Medway,Councillor Peter Evans; Councillor Barry Manners; Councillor Darren Oxborrow; Councillor David Finch; Councillor Robbie Lammas,https://thanet.moderngov.co.uk/mgRofI.aspx?UID=6587&FID=-1&HPID=143120891; https://thanet.moderngov.co.uk/mgRofI.aspx?UID=9933&FID=-1&HPID=143120893; https://thanet.moderngov.co.uk/mgRofI.aspx?UID=10073&FID=-1&HPID=143120895; https://democracy.medway.gov.uk/mgRofI.aspx?UID=16425&FID=-1&HPID=122935289; https://democracy.medway.gov.uk/mgRofI.aspx?UID=14961&FID=-1&HPID=122935293
edth (1/100th) of the total issued sha,6,Thanet; Thanet; Thanet; Medway; Medway,Councillor Peter Evans; Councillor Barry Manners; Councillor Darren Oxborrow; Councillor David Finch; Councillor Robbie Lammas,https://thanet.moderngov.co.uk/mgRofI.aspx?UID=6587&FID=-1&HPID=143120891; https://thanet.moderngov.co.uk/mgRofI.aspx?UID=9933&FID=-1&HPID=143120893; https://thanet.moderngov.co.uk/mgRofI.aspx?UID=10073&FID=-1&HPID=143120895; https://democracy.medway.gov.uk/mgRofI.aspx?UID=16425&FID=-1&HPID=122935289; https://democracy.medway.gov.uk/mgRofI.aspx?UID=14961&FID=-1&HPID=122935293
vices A B C D E F G H I J K L M N O P Q R S T U V W X Y Z ALL Co,5,Arun; Arun; Tameside; Tameside; Blaby,Councillor Trevor Bence; Councillor Giuliano Pinnelli; Councillor Allan Hopwood; Councillor Allan Hopwood; Councillor Dr. John Bloxham,https://arun.moderngov.co.uk/mgRofI.aspx?UID=111&FID=-1&HPID=6770138; https://arun.moderngov.co.uk/mgRofI.aspx?UID=585&FID=-1&HPID=6770140; https://tameside.moderngov.co.uk/mgUserInfo.aspx?UID=2569#main; https://tameside.moderngov.co.uk/mgRofI.aspx?UID=2569&FID=-1&HPID=38485168; https://democracy.blaby.gov.uk/mgRofI.aspx?UID=1193&FID=-1&HPID=153224309
y body: (a) to which you have bee,5,Bassetlaw; Bassetlaw; Bassetlaw; Bassetlaw; Bassetlaw,Councillor Warren Limber; Councillor Andrew McCallum; Councillor Fraser McFarland; Councillor Lewis Stanniland; Councillor Matt Turner,https://bassetlaw.moderngov.co.uk/mgRofI.aspx?UID=343&FID=-1&HPID=1904143; https://bassetlaw.moderngov.co.uk/mgRofI.aspx?UID=359&FID=-1&HPID=1904145; https://bassetlaw.moderngov.co.uk/mgRofI.aspx?UID=287&FID=-1&HPID=1904147; https://bassetlaw.moderngov.co.uk/mgRofI.aspx?UID=225&FID=-1&HPID=1904149; https://bassetlaw.moderngov.co.uk/mgRofI.aspx?UID=342&FID=-1&HPID=1904151
"2024, 02/05/2024 Updates What's",5,Havant; Havant; Havant; Havant; Havant,Councillor Sharon Collings; Councillor Caren Diamond; Councillor Sarah Milne; Councillor Vicky Rhodes; Councillor Gwen Robinson,https://havant.moderngov.co.uk/mgUserInfo.aspx?UID=1074#main-content; https://havant.moderngov.co.uk/mgUserInfo.aspx?UID=36#main-content; https://havant.moderngov.co.uk/mgUserInfo.aspx?UID=744#main-content; https://havant.moderngov.co.uk/mgUserInfo.aspx?UID=1093#main-content; https://havant.moderngov.co.uk/mgUserInfo.aspx?UID=806#main-content
otice that  I have set out below my disclosable pecu,5,Swale; Swale; Swale; Swale; Swale,Lloyd Chapman; Peter MacDonald; Kieran Mishchuk; Chris Palmer; Richard Palmer,https://swale.moderngov.co.uk/mgRofI.aspx?UID=366&FID=-1&HPID=258339677; https://swale.moderngov.co.uk/mgRofI.aspx?UID=157&FID=-1&HPID=258339679; https://swale.moderngov.co.uk/mgRofI.aspx?UID=4437&FID=-1&HPID=258339681; https://swale.moderngov.co.uk/mgRofI.aspx?UID=384&FID=-1&HPID=258339683; https://swale.moderngov.co.uk/mgRofI.aspx?UID=1399&FID=-1&HPID=258339685
DISCLOSABLE PECUNIARY INTERESTS 1,5,Swale; Swale; Swale; Swale; Swale,Lloyd Chapman; Peter MacDonald; Kieran Mishchuk; Chris Palmer; Richard Palmer,https://swale.moderngov.co.uk/mgRofI.aspx?UID=366&FID=-1&HPID=258339677; https://swale.moderngov.co.uk/mgRofI.aspx?UID=157&FID=-1&HPID=258339679; https://swale.moderngov.co.uk/mgRofI.aspx?UID=4437&FID=-1&HPID=258339681; https://swale.moderngov.co.uk/mgRofI.aspx?UID=384&FID=-1&HPID=258339683; https://swale.moderngov.co.uk/mgRofI.aspx?UID=1399&FID=-1&HPID=258339685
OTHER REGISTERABLE INTERESTS 8,5,Swale; Swale; Swale; Swale; Swale,Lloyd Chapman; Peter MacDonald; Kieran Mishchuk; Chris Palmer; Richard Palmer,https://swale.moderngov.co.uk/mgRofI.aspx?UID=366&FID=-1&HPID=258339677; https://swale.moderngov.co.uk/mgRofI.aspx?UID=157&FID=-1&HPID=258339679; https://swale.moderngov.co.uk/mgRofI.aspx?UID=4437&FID=-1&HPID=258339681; https://swale.moderngov.co.uk/mgRofI.aspx?UID=384&FID=-1&HPID=258339683; https://swale.moderngov.co.uk/mgRofI.aspx?UID=1399&FID=-1&HPID=258339685
Results 2023 Outside bodies Pa,5,Swale; Swale; Swale; Swale; Swale,Lloyd Chapman; Peter MacDonald; Kieran Mishchuk; Chris Palmer; Richard Palmer,https://swale.moderngov.co.uk/mgRofI.aspx?UID=366&FID=-1&HPID=258339677; https://swale.moderngov.co.uk/mgRofI.aspx?UID=157&FID=-1&HPID=258339679; https://swale.moderngov.co.uk/mgRofI.aspx?UID=4437&FID=-1&HPID=258339681; https://swale.moderngov.co.uk/mgRofI.aspx?UID=384&FID=-1&HPID=258339683; https://swale.moderngov.co.uk/mgRofI.aspx?UID=1399&FID=-1&HPID=258339685
d cookie policy Accessibility stateme,5,Swale; Swale; Swale; Swale; Swale,Lloyd Chapman; Peter MacDonald; Kieran Mishchuk; Chris Palmer; Richard Palmer,https://swale.moderngov.co.uk/mgRofI.aspx?UID=366&FID=-1&HPID=258339677; https://swale.moderngov.co.uk/mgRofI.aspx?UID=157&FID=-1&HPID=258339679; https://swale.moderngov.co.uk/mgRofI.aspx?UID=4437&FID=-1&HPID=258339681; https://swale.moderngov.co.uk/mgRofI.aspx?UID=384&FID=-1&HPID=258339683; https://swale.moderngov.co.uk/mgRofI.aspx?UID=1399&FID=-1&HPID=258339685
"g
                                ""accept cookies"", you ag",5,Swale; Swale; Swale; Swale; Swale,Lloyd Chapman; Peter MacDonald; Kieran Mishchuk; Chris Palmer; Richard Palmer,https://swale.moderngov.co.uk/mgRofI.aspx?UID=366&FID=-1&HPID=258339677; https://swale.moderngov.co.uk/mgRofI.aspx?UID=157&FID=-1&HPID=258339679; https://swale.moderngov.co.uk/mgRofI.aspx?UID=4437&FID=-1&HPID=258339681; https://swale.moderngov.co.uk/mgRofI.aspx?UID=384&FID=-1&HPID=258339683; https://swale.moderngov.co.uk/mgRofI.aspx?UID=1399&FID=-1&HPID=258339685
Cookie policy Accept cookies Refuse cookies Cookie setti,5,Swale; Swale; Swale; Swale; Swale,Lloyd Chapman; Peter MacDonald; Kieran Mishchuk; Chris Palmer; Richard Palmer,https://swale.moderngov.co.uk/mgRofI.aspx?UID=366&FID=-1&HPID=258339677; https://swale.moderngov.co.uk/mgRofI.aspx?UID=157&FID=-1&HPID=258339679; https://swale.moderngov.co.uk/mgRofI.aspx?UID=4437&FID=-1&HPID=258339681; https://swale.moderngov.co.uk/mgRofI.aspx?UID=384&FID=-1&HPID=258339683; https://swale.moderngov.co.uk/mgRofI.aspx?UID=1399&FID=-1&HPID=258339685
Name of Body Name of Body Refo,5,Devon; Devon; Devon; Devon; Devon,Councillor Jacqueline Fry; Councillor Richard Hopley; Councillor Richard Hopley; Councillor Robin Julian; Councillor Neale Raleigh,https://democracy.devon.gov.uk/mgRofI.aspx?UID=11597&FID=-1&HPID=12778490; https://democracy.devon.gov.uk/mgRofI.aspx?UID=11599&FID=-1&HPID=12778494; https://democracy.devon.gov.uk/mgRofI.aspx?UID=11599&FID=-1&HPID=12778494; https://democracy.devon.gov.uk/mgRofI.aspx?UID=157&FID=-1&HPID=12778498; https://democracy.devon.gov.uk/mgRofI.aspx?UID=11612&FID=-1&HPID=12778500
ibe to updates Webcasts What's New You a,4,Buckinghamshire; Buckinghamshire; Buckinghamshire; Buckinghamshire,Councillor Cameron Anderson; Councillor Cameron Anderson; Councillor Cole Caesar; Councillor Cole Caesar,https://buckinghamshire.moderngov.co.uk/mgUserInfo.aspx?UID=33921#mgMainContent; https://buckinghamshire.moderngov.co.uk/mgRofI.aspx?UID=33921&FID=-1&HPID=66351489; https://buckinghamshire.moderngov.co.uk/mgUserInfo.aspx?UID=32661#mgMainContent; https://buckinghamshire.moderngov.co.uk/mgRofI.aspx?UID=32661&FID=-1&HPID=66351491
ibe to updates Webcasts What's New © Bucki,4,Buckinghamshire; Buckinghamshire; Buckinghamshire; Buckinghamshire,Councillor Cameron Anderson; Councillor Cameron Anderson; Councillor Cole Caesar; Councillor Cole Caesar,https://buckinghamshire.moderngov.co.uk/mgUserInfo.aspx?UID=33921#mgMainContent; https://buckinghamshire.moderngov.co.uk/mgRofI.aspx?UID=33921&FID=-1&HPID=66351489; https://buckinghamshire.moderngov.co.uk/mgUserInfo.aspx?UID=32661#mgMainContent; https://buckinghamshire.moderngov.co.uk/mgRofI.aspx?UID=32661&FID=-1&HPID=66351491
Bodies Please give details of you,4,Calderdale; Calderdale; Calderdale; Teignbridge,Paul Hawkaluk; Peter Hunt; Daniel Sutherland; Councillor Stephen Horner,https://calderdale.moderngov.co.uk/mgRofI.aspx?UID=703&FID=-1&HPID=4198103; https://calderdale.moderngov.co.uk/mgRofI.aspx?UID=640&FID=-1&HPID=4198105; https://calderdale.moderngov.co.uk/mgRofI.aspx?UID=152&FID=-1&HPID=4198107; https://democracy.teignbridge.gov.uk/mgRofI.aspx?UID=1601&FID=-1&HPID=76384308
m of Office 06/05/2025 - Additio,4,Durham; Durham; Durham; Durham,Councillor Andrew Harrison; Councillor Aaron Hillam; Councillor Brian Quirey; Councillor Adrian Schulman,https://democracy.durham.gov.uk/mgUserInfo.aspx?UID=28131#content; https://democracy.durham.gov.uk/mgUserInfo.aspx?UID=28176#content; https://democracy.durham.gov.uk/mgUserInfo.aspx?UID=28167#content; https://democracy.durham.gov.uk/mgUserInfo.aspx?UID=28177#content
ts to outside bodies East Midla,4,Derbyshire; Derbyshire; Derbyshire; Derbyshire,Councillor Stuart Bent; Councillor John Lawson; Councillor Paul Parkin; Councillor Stephen Reed,https://derbyshire.moderngov.co.uk/mgUserInfo.aspx?UID=5263#main; https://derbyshire.moderngov.co.uk/mgUserInfo.aspx?UID=5216#main; https://derbyshire.moderngov.co.uk/mgUserInfo.aspx?UID=5368#main; https://derbyshire.moderngov.co.uk/mgUserInfo.aspx?UID=5253#main
otice that I have set out below u,4,Somerset; Somerset; Somerset; Wolverhampton,Councillor Marcus Barr; Councillor John Cook-Woodman; Councillor Bente Height; Councillor Anita Stanley,https://somerset.moderngov.co.uk/mgRofI.aspx?UID=119&FID=-1&HPID=7882995; https://somerset.moderngov.co.uk/mgRofI.aspx?UID=136&FID=-1&HPID=7882997; https://somerset.moderngov.co.uk/mgRofI.aspx?UID=161&FID=-1&HPID=7882999; https://wolverhampton.moderngov.co.uk/mgRofI.aspx?UID=4816&FID=-1&HPID=22374426
aphs (a) to (g) above Name of Body Litte,4,Northumberland; Northumberland; Northumberland; Northumberland,Councillor Trevor Michael Austin; Councillor David Gary FitzGerald; Councillor Stephen Charles Flower; Councillor Denise Nicholson,https://northumberland.moderngov.co.uk/mgRofI.aspx?UID=3417&FID=-1&HPID=5352231; https://northumberland.moderngov.co.uk/mgRofI.aspx?UID=3420&FID=-1&HPID=5352239; https://northumberland.moderngov.co.uk/mgRofI.aspx?UID=3427&FID=-1&HPID=5352241; https://northumberland.moderngov.co.uk/mgRofI.aspx?UID=3416&FID=-1&HPID=5352253
tact Us Accessibility Toggle mobile me,4,Powys; Powys; Powys; Powys,"Johnson-Wood, Claire; Lewis, Karl; McIntosh, Iain; Morgan, Geoff",https://powys.moderngov.co.uk/mgRofI.aspx?UID=564&FID=-1&HPID=15663274; https://powys.moderngov.co.uk/mgRofI.aspx?UID=571&FID=-1&HPID=15663277; https://powys.moderngov.co.uk/mgRofI.aspx?UID=624&FID=-1&HPID=15663279; https://powys.moderngov.co.uk/mgRofI.aspx?UID=1239&FID=-1&HPID=15663282
ate body which has a place of busi,4,Powys; Powys; Powys; Powys,"Johnson-Wood, Claire; Lewis, Karl; McIntosh, Iain; Morgan, Geoff",https://powys.moderngov.co.uk/mgRofI.aspx?UID=564&FID=-1&HPID=15663274; https://powys.moderngov.co.uk/mgRofI.aspx?UID=571&FID=-1&HPID=15663277; https://powys.moderngov.co.uk/mgRofI.aspx?UID=624&FID=-1&HPID=15663279; https://powys.moderngov.co.uk/mgRofI.aspx?UID=1239&FID=-1&HPID=15663282
ities of that body exceeds the,4,Powys; Powys; Powys; Powys,"Johnson-Wood, Claire; Lewis, Karl; McIntosh, Iain; Morgan, Geoff",https://powys.moderngov.co.uk/mgRofI.aspx?UID=564&FID=-1&HPID=15663274; https://powys.moderngov.co.uk/mgRofI.aspx?UID=571&FID=-1&HPID=15663277; https://powys.moderngov.co.uk/mgRofI.aspx?UID=624&FID=-1&HPID=15663279; https://powys.moderngov.co.uk/mgRofI.aspx?UID=1239&FID=-1&HPID=15663282
"29 of the Localism Act  2011, a",4,West Sussex; West Sussex; West Sussex; West Sussex,Councillor Andrew Baldwin; Councillor Trevor Bence; Councillor Paul Linehan; Councillor Gary Markwell,https://westsussex.moderngov.co.uk/mgRofI.aspx?UID=234&FID=-1&HPID=70445714; https://westsussex.moderngov.co.uk/mgRofI.aspx?UID=1652&FID=-1&HPID=70445718; https://westsussex.moderngov.co.uk/mgRofI.aspx?UID=1595&FID=-1&HPID=70445722; https://westsussex.moderngov.co.uk/mgRofI.aspx?UID=260&FID=-1&HPID=70445725
e of gift/hospitality Name of do,4,West Sussex; West Sussex; West Sussex; West Sussex,Councillor Andrew Baldwin; Councillor Trevor Bence; Councillor Paul Linehan; Councillor Gary Markwell,https://westsussex.moderngov.co.uk/mgRofI.aspx?UID=234&FID=-1&HPID=70445714; https://westsussex.moderngov.co.uk/mgRofI.aspx?UID=1652&FID=-1&HPID=70445718; https://westsussex.moderngov.co.uk/mgRofI.aspx?UID=1595&FID=-1&HPID=70445722; https://westsussex.moderngov.co.uk/mgRofI.aspx?UID=260&FID=-1&HPID=70445725
Back to the top Update cookies p,4,Wyre; Wyre; Wyre; Wyre,James Crawford; Paul Ellison; David Higgs; Alice Jones,https://wyre.moderngov.co.uk/mgUserInfo.aspx?UID=639#; https://wyre.moderngov.co.uk/mgUserInfo.aspx?UID=350#; https://wyre.moderngov.co.uk/mgUserInfo.aspx?UID=521#; https://wyre.moderngov.co.uk/mgUserInfo.aspx?UID=668#
y Committee (30/05/2025 - 19/09/2025) A,4,Durham; Durham; Durham; Durham; Durham,Councillor Kyle Genner; Councillor Kyle Genner; Councillor Andrew Harrison; Councillor Kenny Hope; Councillor Paul Mountford,https://democracy.durham.gov.uk/mgUserInfo.aspx?UID=28166#content; https://democracy.durham.gov.uk/mgUserInfo.aspx?UID=28166#content; https://democracy.durham.gov.uk/mgUserInfo.aspx?UID=28131#content; https://democracy.durham.gov.uk/mgUserInfo.aspx?UID=28125#content; https://democracy.durham.gov.uk/mgUserInfo.aspx?UID=28143#content
ibe to updates What's New Accessibility stateme,3,Mansfield; Mansfield; Mansfield,Councillor Barry Answer; Councillor Mick Barton; Councillor Martin Wright,https://mansfield.moderngov.co.uk/mgRofI.aspx?UID=125&FID=-1&HPID=1011024; https://mansfield.moderngov.co.uk/mgRofI.aspx?UID=137&FID=-1&HPID=1011026; https://mansfield.moderngov.co.uk/mgRofI.aspx?UID=146&FID=-1&HPID=1011030
ibe to updates What's New Home Registe,3,Somerset; Somerset; Somerset,Councillor Marcus Barr; Councillor John Cook-Woodman; Councillor Bente Height,https://somerset.moderngov.co.uk/mgRofI.aspx?UID=119&FID=-1&HPID=7882995; https://somerset.moderngov.co.uk/mgRofI.aspx?UID=136&FID=-1&HPID=7882997; https://somerset.moderngov.co.uk/mgRofI.aspx?UID=161&FID=-1&HPID=7882999
ibe to updates What's New Close ou,3,Medway; Medway; Medway,Councillor David Finch; Councillor Robbie Lammas; Councillor John Vye,https://democracy.medway.gov.uk/mgRofI.aspx?UID=16425&FID=-1&HPID=122935289; https://democracy.medway.gov.uk/mgRofI.aspx?UID=14961&FID=-1&HPID=122935293; https://democracy.medway.gov.uk/mgRofI.aspx?UID=16426&FID=-1&HPID=122935296
ities of a body that has a place of busi,3,Calderdale; Calderdale; Calderdale,Paul Hawkaluk; Peter Hunt; Daniel Sutherland,https://calderdale.moderngov.co.uk/mgRofI.aspx?UID=703&FID=-1&HPID=4198103; https://calderdale.moderngov.co.uk/mgRofI.aspx?UID=640&FID=-1&HPID=4198105; https://calderdale.moderngov.co.uk/mgRofI.aspx?UID=152&FID=-1&HPID=4198107
1/100th of the total issued sha,3,Calderdale; Calderdale; Calderdale,Paul Hawkaluk; Peter Hunt; Daniel Sutherland,https://calderdale.moderngov.co.uk/mgRofI.aspx?UID=703&FID=-1&HPID=4198103; https://calderdale.moderngov.co.uk/mgRofI.aspx?UID=640&FID=-1&HPID=4198105; https://calderdale.moderngov.co.uk/mgRofI.aspx?UID=152&FID=-1&HPID=4198107
est exceeds 1/100th of the total issued sha,3,Calderdale; Calderdale; Calderdale,Paul Hawkaluk; Peter Hunt; Daniel Sutherland,https://calderdale.moderngov.co.uk/mgRofI.aspx?UID=703&FID=-1&HPID=4198103; https://calderdale.moderngov.co.uk/mgRofI.aspx?UID=640&FID=-1&HPID=4198105; https://calderdale.moderngov.co.uk/mgRofI.aspx?UID=152&FID=-1&HPID=4198107
"cil to ""Outside Bodies"" - Please p",3,Calderdale; Calderdale; Calderdale,Paul Hawkaluk; Peter Hunt; Daniel Sutherland,https://calderdale.moderngov.co.uk/mgRofI.aspx?UID=703&FID=-1&HPID=4198103; https://calderdale.moderngov.co.uk/mgRofI.aspx?UID=640&FID=-1&HPID=4198105; https://calderdale.moderngov.co.uk/mgRofI.aspx?UID=152&FID=-1&HPID=4198107
y outside bodies to which you have bee,3,Calderdale; Calderdale; Calderdale,Paul Hawkaluk; Peter Hunt; Daniel Sutherland,https://calderdale.moderngov.co.uk/mgRofI.aspx?UID=703&FID=-1&HPID=4198103; https://calderdale.moderngov.co.uk/mgRofI.aspx?UID=640&FID=-1&HPID=4198105; https://calderdale.moderngov.co.uk/mgRofI.aspx?UID=152&FID=-1&HPID=4198107
clude details of the capacity i,3,Calderdale; Calderdale; Calderdale,Paul Hawkaluk; Peter Hunt; Daniel Sutherland,https://calderdale.moderngov.co.uk/mgRofI.aspx?UID=703&FID=-1&HPID=4198103; https://calderdale.moderngov.co.uk/mgRofI.aspx?UID=640&FID=-1&HPID=4198105; https://calderdale.moderngov.co.uk/mgRofI.aspx?UID=152&FID=-1&HPID=4198107
s MPs What's New Accessibility Co,3,Calderdale; Calderdale; Calderdale,Paul Hawkaluk; Peter Hunt; Daniel Sutherland,https://calderdale.moderngov.co.uk/mgRofI.aspx?UID=703&FID=-1&HPID=4198103; https://calderdale.moderngov.co.uk/mgRofI.aspx?UID=640&FID=-1&HPID=4198105; https://calderdale.moderngov.co.uk/mgRofI.aspx?UID=152&FID=-1&HPID=4198107
32 of the Localism Act About us (La,3,Lancashire; Lancashire; Lancashire,County Councillor Graham Dalton; County Councillor Maria Jones; County Councillor Nigel Swales,https://lancashire.moderngov.co.uk/mgRofI.aspx?UID=33645&FID=-1&HPID=43916115; https://lancashire.moderngov.co.uk/mgRofI.aspx?UID=33701&FID=-1&HPID=43916139; https://lancashire.moderngov.co.uk/mgRofI.aspx?UID=33859&FID=-1&HPID=43916177
"30 of the Localism Act 2011, a",3,Lichfield; Rochdale; Rochdale,Councillor Matthew Wallens; Councillor Jordan Tarrant-Short; Councillor John Taylor,https://lichfield.moderngov.co.uk/mgRofI.aspx?UID=1480&FID=-1&HPID=77716341; https://rochdale.moderngov.co.uk/mgRofI.aspx?UID=7117&FID=-1&HPID=117933483; https://rochdale.moderngov.co.uk/mgRofI.aspx?UID=6293&FID=-1&HPID=117933485
sfield Museum website Palace Theat,3,Mansfield; Mansfield; Mansfield,Councillor Barry Answer; Councillor Mick Barton; Councillor Martin Wright,https://mansfield.moderngov.co.uk/mgRofI.aspx?UID=125&FID=-1&HPID=1011024; https://mansfield.moderngov.co.uk/mgRofI.aspx?UID=137&FID=-1&HPID=1011026; https://mansfield.moderngov.co.uk/mgRofI.aspx?UID=146&FID=-1&HPID=1011030
s 29 to 31 of the Localism Act 2011 a,3,Somerset; Somerset; Somerset,Councillor Marcus Barr; Councillor John Cook-Woodman; Councillor Bente Height,https://somerset.moderngov.co.uk/mgRofI.aspx?UID=119&FID=-1&HPID=7882995; https://somerset.moderngov.co.uk/mgRofI.aspx?UID=136&FID=-1&HPID=7882997; https://somerset.moderngov.co.uk/mgRofI.aspx?UID=161&FID=-1&HPID=7882999
"29-34 of the Localism Act 2011, a",3,St. Helens; St. Helens; St. Helens,Councillor Victor Floyd; Councillor David Hawley; Councillor John Pinnington,https://sthelens.moderngov.co.uk/mgRofI.aspx?UID=4206&FID=-1&HPID=38480263; https://sthelens.moderngov.co.uk/mgRofI.aspx?UID=4031&FID=-1&HPID=38480265; https://sthelens.moderngov.co.uk/mgRofI.aspx?UID=4230&FID=-1&HPID=38480267
its behalf) (see Note 3) Self Pa,3,St. Helens; St. Helens; St. Helens,Councillor Victor Floyd; Councillor David Hawley; Councillor John Pinnington,https://sthelens.moderngov.co.uk/mgRofI.aspx?UID=4206&FID=-1&HPID=38480263; https://sthelens.moderngov.co.uk/mgRofI.aspx?UID=4031&FID=-1&HPID=38480265; https://sthelens.moderngov.co.uk/mgRofI.aspx?UID=4230&FID=-1&HPID=38480267
s Public Notice of Key Decisio,3,St. Helens; St. Helens; St. Helens,Councillor Victor Floyd; Councillor David Hawley; Councillor John Pinnington,https://sthelens.moderngov.co.uk/mgRofI.aspx?UID=4206&FID=-1&HPID=38480263; https://sthelens.moderngov.co.uk/mgRofI.aspx?UID=4031&FID=-1&HPID=38480265; https://sthelens.moderngov.co.uk/mgRofI.aspx?UID=4230&FID=-1&HPID=38480267
t Scheme MPs What's New © 2022,3,St. Helens; St. Helens; St. Helens,Councillor Victor Floyd; Councillor David Hawley; Councillor John Pinnington,https://sthelens.moderngov.co.uk/mgRofI.aspx?UID=4206&FID=-1&HPID=38480263; https://sthelens.moderngov.co.uk/mgRofI.aspx?UID=4031&FID=-1&HPID=38480265; https://sthelens.moderngov.co.uk/mgRofI.aspx?UID=4230&FID=-1&HPID=38480267
"31(7), as the case may be, of the Localism Act 2011 You No",3,Thanet; Thanet; Thanet,Councillor Peter Evans; Councillor Barry Manners; Councillor Darren Oxborrow,https://thanet.moderngov.co.uk/mgRofI.aspx?UID=6587&FID=-1&HPID=143120891; https://thanet.moderngov.co.uk/mgRofI.aspx?UID=9933&FID=-1&HPID=143120893; https://thanet.moderngov.co.uk/mgRofI.aspx?UID=10073&FID=-1&HPID=143120895
e capital of that body; (ii) if the sha,3,Thanet; Thanet; Thanet,Councillor Peter Evans; Councillor Barry Manners; Councillor Darren Oxborrow,https://thanet.moderngov.co.uk/mgRofI.aspx?UID=6587&FID=-1&HPID=143120891; https://thanet.moderngov.co.uk/mgRofI.aspx?UID=9933&FID=-1&HPID=143120893; https://thanet.moderngov.co.uk/mgRofI.aspx?UID=10073&FID=-1&HPID=143120895
"""The Wave"" About the website Cookies policy Accessibility stateme",3,Thanet; Thanet; Thanet,Councillor Peter Evans; Councillor Barry Manners; Councillor Darren Oxborrow,https://thanet.moderngov.co.uk/mgRofI.aspx?UID=6587&FID=-1&HPID=143120891; https://thanet.moderngov.co.uk/mgRofI.aspx?UID=9933&FID=-1&HPID=143120893; https://thanet.moderngov.co.uk/mgRofI.aspx?UID=10073&FID=-1&HPID=143120895
t to the Localism Act 2011 Sectio,3,Thurrock; Thurrock; Thurrock; Thurrock; Thurrock,Councillor Alex Anderson; Councillor Alex Anderson; Councillor Alan Benson; Councillor Alan Benson; Councillor Alan Benson,https://thurrock.moderngov.co.uk/mgRofI.aspx?UID=999&FID=-1&HPID=40360716; https://thurrock.moderngov.co.uk/mgRofI.aspx?UID=999&FID=-1&HPID=40360716; https://thurrock.moderngov.co.uk/mgRofI.aspx?UID=2078&FID=-1&HPID=40360718; https://thurrock.moderngov.co.uk/mgRofI.aspx?UID=2078&FID=-1&HPID=40360718; https://thurrock.moderngov.co.uk/mgRofI.aspx?UID=2078&FID=-1&HPID=40360718
es capital of that body is of mo,3,Thurrock; Thurrock; Thurrock,Councillor Alex Anderson; Councillor Alan Benson; Councillor Russell Cherry,https://thurrock.moderngov.co.uk/mgRofI.aspx?UID=999&FID=-1&HPID=40360716; https://thurrock.moderngov.co.uk/mgRofI.aspx?UID=2078&FID=-1&HPID=40360718; https://thurrock.moderngov.co.uk/mgRofI.aspx?UID=2077&FID=-1&HPID=40360720
ies:( i) A body to which you have bee,3,Thurrock; Thurrock; Thurrock,Councillor Alex Anderson; Councillor Alan Benson; Councillor Russell Cherry,https://thurrock.moderngov.co.uk/mgRofI.aspx?UID=999&FID=-1&HPID=40360716; https://thurrock.moderngov.co.uk/mgRofI.aspx?UID=2078&FID=-1&HPID=40360718; https://thurrock.moderngov.co.uk/mgRofI.aspx?UID=2077&FID=-1&HPID=40360720
"et societies, (vi) Bodies whose p",3,Thurrock; Thurrock; Thurrock,Councillor Alex Anderson; Councillor Alan Benson; Councillor Russell Cherry,https://thurrock.moderngov.co.uk/mgRofI.aspx?UID=999&FID=-1&HPID=40360716; https://thurrock.moderngov.co.uk/mgRofI.aspx?UID=2078&FID=-1&HPID=40360718; https://thurrock.moderngov.co.uk/mgRofI.aspx?UID=2077&FID=-1&HPID=40360720
ise that I have a legal duty to complete this fo,3,Thurrock; Thurrock; Thurrock,Councillor Alex Anderson; Councillor Alan Benson; Councillor Russell Cherry,https://thurrock.moderngov.co.uk/mgRofI.aspx?UID=999&FID=-1&HPID=40360716; https://thurrock.moderngov.co.uk/mgRofI.aspx?UID=2078&FID=-1&HPID=40360718; https://thurrock.moderngov.co.uk/mgRofI.aspx?UID=2077&FID=-1&HPID=40360720
t it Have my say News What's o,3,Thurrock; Thurrock; Thurrock,Councillor Alex Anderson; Councillor Alan Benson; Councillor Russell Cherry,https://thurrock.moderngov.co.uk/mgRofI.aspx?UID=999&FID=-1&HPID=40360716; https://thurrock.moderngov.co.uk/mgRofI.aspx?UID=2078&FID=-1&HPID=40360718; https://thurrock.moderngov.co.uk/mgRofI.aspx?UID=2077&FID=-1&HPID=40360720
32(2) of the Localism Act 2011 (se,3,West Sussex; West Sussex; West Sussex,Councillor Trevor Bence; Councillor Paul Linehan; Councillor Gary Markwell,https://westsussex.moderngov.co.uk/mgRofI.aspx?UID=1652&FID=-1&HPID=70445718; https://westsussex.moderngov.co.uk/mgRofI.aspx?UID=1595&FID=-1&HPID=70445722; https://westsussex.moderngov.co.uk/mgRofI.aspx?UID=260&FID=-1&HPID=70445725
d East) (30/05/2025 - 03/07/2025) A,3,Durham; Durham; Durham,Councillor Steve Biggs; Councillor Gavin Brydon; Councillor Andrew Harrison,https://democracy.durham.gov.uk/mgUserInfo.aspx?UID=28162#content; https://democracy.durham.gov.uk/mgUserInfo.aspx?UID=28129#content; https://democracy.durham.gov.uk/mgUserInfo.aspx?UID=28131#content
ds Committee (29/05/2025 - 05/11/2025) Te,3,Durham; Durham; Durham,Councillor Stephen Bowron; Councillor Andrew Harrison; Councillor Brian Quirey,https://democracy.durham.gov.uk/mgUserInfo.aspx?UID=28174#content; https://democracy.durham.gov.uk/mgUserInfo.aspx?UID=28131#content; https://democracy.durham.gov.uk/mgUserInfo.aspx?UID=28167#content
Committee Highways Committee Police a,3,Durham; Durham; Durham,Councillor Neil Craggs; Councillor Lyndsey Fox; Councillor John Grant,https://democracy.durham.gov.uk/mgUserInfo.aspx?UID=28149#content; https://democracy.durham.gov.uk/mgUserInfo.aspx?UID=28155#content; https://democracy.durham.gov.uk/mgUserInfo.aspx?UID=28136#content
m of Office 10/05/2021 - Appoi,3,Durham; Durham; Durham,Councillor Cathy Hunt; Councillor Robert Potts; Councillor Joe Quinn,https://democracy.durham.gov.uk/mgUserInfo.aspx?UID=8048#content; https://democracy.durham.gov.uk/mgUserInfo.aspx?UID=8074#content; https://democracy.durham.gov.uk/mgUserInfo.aspx?UID=8043#content
cil a) DISCLOSABLE PECUNIARY INTERESTS 1,3,Medway; Medway; Medway,Councillor David Finch; Councillor Robbie Lammas; Councillor John Vye,https://democracy.medway.gov.uk/mgRofI.aspx?UID=16425&FID=-1&HPID=122935289; https://democracy.medway.gov.uk/mgRofI.aspx?UID=14961&FID=-1&HPID=122935293; https://democracy.medway.gov.uk/mgRofI.aspx?UID=16426&FID=-1&HPID=122935296
full) N/A N/A b) NON-PECUNIARY INTERESTS AND GIFTS AND HOSPITALITY 8,3,Medway; Medway; Medway,Councillor David Finch; Councillor Robbie Lammas; Councillor John Vye,https://democracy.medway.gov.uk/mgRofI.aspx?UID=16425&FID=-1&HPID=122935289; https://democracy.medway.gov.uk/mgRofI.aspx?UID=14961&FID=-1&HPID=122935293; https://democracy.medway.gov.uk/mgRofI.aspx?UID=16426&FID=-1&HPID=122935296
estimated cumulative value of £100 o,3,Medway; Medway; Medway,Councillor David Finch; Councillor Robbie Lammas; Councillor John Vye,https://democracy.medway.gov.uk/mgRofI.aspx?UID=16425&FID=-1&HPID=122935289; https://democracy.medway.gov.uk/mgRofI.aspx?UID=14961&FID=-1&HPID=122935293; https://democracy.medway.gov.uk/mgRofI.aspx?UID=16426&FID=-1&HPID=122935296
data Jobs Site map © Medway Cou,3,Medway; Medway; Medway,Councillor David Finch; Councillor Robbie Lammas; Councillor John Vye,https://democracy.medway.gov.uk/mgRofI.aspx?UID=16425&FID=-1&HPID=122935289; https://democracy.medway.gov.uk/mgRofI.aspx?UID=14961&FID=-1&HPID=122935293; https://democracy.medway.gov.uk/mgRofI.aspx?UID=16426&FID=-1&HPID=122935296
template Cookie Policy Accessibility A,2,Arun; Arun,Councillor Trevor Bence; Councillor Giuliano Pinnelli,https://arun.moderngov.co.uk/mgRofI.aspx?UID=111&FID=-1&HPID=6770138; https://arun.moderngov.co.uk/mgRofI.aspx?UID=585&FID=-1&HPID=6770140
estimated value of at least £50 Name of pe,2,Erewash; Erewash,Councillor Paul Maginnis; Councillor Dan Price,https://erewash.moderngov.co.uk/mgRofI.aspx?UID=1385&FID=-1&HPID=10744375; https://erewash.moderngov.co.uk/mgRofI.aspx?UID=2731&FID=-1&HPID=10744377
ibe to updates What's New © Bo,2,Broxbourne; Broxbourne,Giles Hall; Siobhan Monaghan,https://broxbourne.moderngov.co.uk/mgUserInfo.aspx?UID=118#mgMainContent; https://broxbourne.moderngov.co.uk/mgUserInfo.aspx?UID=125#mgMainContent
ough Offices Bishops' College Chu,2,Broxbourne; Broxbourne,Giles Hall; Siobhan Monaghan,https://broxbourne.moderngov.co.uk/mgUserInfo.aspx?UID=118#mgMainContent; https://broxbourne.moderngov.co.uk/mgUserInfo.aspx?UID=125#mgMainContent
ms of Office 03/05/2018 - 04/05/2022 05/05/2022 - 06/05/2026 Cale,2,Broxbourne; Broxbourne,Giles Hall; Siobhan Monaghan,https://broxbourne.moderngov.co.uk/mgUserInfo.aspx?UID=118#mgMainContent; https://broxbourne.moderngov.co.uk/mgUserInfo.aspx?UID=125#mgMainContent
"cil, have set out below the Disclosable Pecu",2,Buckinghamshire; Buckinghamshire,Councillor Cameron Anderson; Councillor Cole Caesar,https://buckinghamshire.moderngov.co.uk/mgRofI.aspx?UID=33921&FID=-1&HPID=66351489; https://buckinghamshire.moderngov.co.uk/mgRofI.aspx?UID=32661&FID=-1&HPID=66351491
y Committee (Substitute) Elvasto,2,Derbyshire; Derbyshire,Councillor Matthew Benfield; Councillor Sarah Reaney,https://derbyshire.moderngov.co.uk/mgUserInfo.aspx?UID=5449#main; https://derbyshire.moderngov.co.uk/mgUserInfo.aspx?UID=5356#main
ce Committee (Substitute) East Midla,2,Derbyshire; West Sussex,Councillor Stuart Bent; Councillor Paul Linehan,https://derbyshire.moderngov.co.uk/mgUserInfo.aspx?UID=5263#main; https://westsussex.moderngov.co.uk/mgUserInfo.aspx?UID=1595#content
t of a body(ies) to which you have bee,2,Erewash; Erewash,Councillor Paul Maginnis; Councillor Dan Price,https://erewash.moderngov.co.uk/mgRofI.aspx?UID=1385&FID=-1&HPID=10744375; https://erewash.moderngov.co.uk/mgRofI.aspx?UID=2731&FID=-1&HPID=10744377
Please give the details of the i,2,Erewash; Erewash,Councillor Paul Maginnis; Councillor Dan Price,https://erewash.moderngov.co.uk/mgRofI.aspx?UID=1385&FID=-1&HPID=10744375; https://erewash.moderngov.co.uk/mgRofI.aspx?UID=2731&FID=-1&HPID=10744377
m of Office 07/05/2024 - 12/05/2026 Electio,2,Havant; Havant,Councillor Sharon Collings; Councillor Vicky Rhodes,https://havant.moderngov.co.uk/mgUserInfo.aspx?UID=1074#main-content; https://havant.moderngov.co.uk/mgUserInfo.aspx?UID=1093#main-content
ate as of: 14/05/2025 Disclosable Pecu,2,Hertfordshire; Hertfordshire,Doug Bainbridge; Michael Blissett,https://www.hertfordshire.gov.uk/ufs/members_declaration_view.eb?member=Doug.Bainbridge@hertfordshire.gov.uk; https://www.hertfordshire.gov.uk/ufs/members_declaration_view.eb?member=Michael.Blissett@hertfordshire.gov.uk
ate as of: 23/05/2025 Disclosable Pecu,2,Hertfordshire; Hertfordshire,Terry Smith; Christopher Wright,https://www.hertfordshire.gov.uk/ufs/members_declaration_view.eb?member=terry.smith@hertfordshire.gov.uk; https://www.hertfordshire.gov.uk/ufs/members_declaration_view.eb?member=christopher.wright1@hertfordshire.gov.uk
"eedom Ability Ltd (06675171)
Halo Educatio",2,Lancashire; Ribble Valley,County Councillor Stephen Atkinson; Councillor Stephen Atkinson,https://lancashire.moderngov.co.uk/mgRofI.aspx?UID=33642&FID=-1&HPID=43916097; https://ribblevalley.moderngov.co.uk/mgRofI.aspx?UID=107&FID=-1&HPID=2942477
"dly view REGISTER OF MEMBERS INTERESTS I, Cou",2,Rochdale; Rochdale,Councillor Jordan Tarrant-Short; Councillor John Taylor,https://rochdale.moderngov.co.uk/mgRofI.aspx?UID=7117&FID=-1&HPID=117933483; https://rochdale.moderngov.co.uk/mgRofI.aspx?UID=6293&FID=-1&HPID=117933485
ted Bodies - A body to which you have bee,2,Rochdale; Rochdale,Councillor Jordan Tarrant-Short; Councillor John Taylor,https://rochdale.moderngov.co.uk/mgRofI.aspx?UID=7117&FID=-1&HPID=117933483; https://rochdale.moderngov.co.uk/mgRofI.aspx?UID=6293&FID=-1&HPID=117933485
Bodies to which you may have bee,2,Rochdale; Rochdale,Councillor Jordan Tarrant-Short; Councillor John Taylor,https://rochdale.moderngov.co.uk/mgRofI.aspx?UID=7117&FID=-1&HPID=117933483; https://rochdale.moderngov.co.uk/mgRofI.aspx?UID=6293&FID=-1&HPID=117933485
ed above Medi Aid (UK) Ltd – P,2,Swale; Swale,Chris Palmer; Richard Palmer,https://swale.moderngov.co.uk/mgRofI.aspx?UID=384&FID=-1&HPID=258339683; https://swale.moderngov.co.uk/mgRofI.aspx?UID=1399&FID=-1&HPID=258339685
t A-Z A B C D E F G H I J K L M N O P Q R S T U V W X Y Z Sea,2,Tameside; Tameside,Councillor Allan Hopwood; Councillor Allan Hopwood,https://tameside.moderngov.co.uk/mgUserInfo.aspx?UID=2569#main; https://tameside.moderngov.co.uk/mgRofI.aspx?UID=2569&FID=-1&HPID=38485168
ms of office 04/05/2017 - 06/05/2021 06/05/2021 - Additio,2,West Sussex; West Sussex,Councillor Andrew Baldwin; Councillor Gary Markwell,https://westsussex.moderngov.co.uk/mgUserInfo.aspx?UID=234#content; https://westsussex.moderngov.co.uk/mgUserInfo.aspx?UID=260#content
m of office 06/05/2021 - Additio,2,West Sussex; West Sussex,Councillor Trevor Bence; Councillor Paul Linehan,https://westsussex.moderngov.co.uk/mgUserInfo.aspx?UID=1652#content; https://westsussex.moderngov.co.uk/mgUserInfo.aspx?UID=1595#content
ms of Office 10/05/2021 - 05/05/2025 06/05/2025 - Appoi,2,Worcestershire; Worcestershire,Councillor Bill Hopkins; Councillor Jo Monk,https://worcestershire.moderngov.co.uk/mgUserInfo.aspx?UID=1425#mgMainContent; https://worcestershire.moderngov.co.uk/mgUserInfo.aspx?UID=1445#mgMainContent
Committee (29/05/2025 - 19/09/2025) Ge,2,Durham; Durham,Councillor Stephen Bowron; Councillor Dawn Saunders,https://democracy.durham.gov.uk/mgUserInfo.aspx?UID=28174#content; https://democracy.durham.gov.uk/mgUserInfo.aspx?UID=28117#content
d West) (30/05/2025 - 19/09/2025) Audit Committee (Chai,2,Durham; Durham,Councillor Nick Brown; Councillor Ian Catchpole,https://democracy.durham.gov.uk/mgUserInfo.aspx?UID=28168#content; https://democracy.durham.gov.uk/mgUserInfo.aspx?UID=28134#content
) (30/05/2025 - 19/09/2025) Combi,2,Durham; Durham,Councillor Nick Brown; Councillor Kyle Genner,https://democracy.durham.gov.uk/mgUserInfo.aspx?UID=28168#content; https://democracy.durham.gov.uk/mgUserInfo.aspx?UID=28166#content
d Committee (01/06/2025 - 03/07/2025) Te,2,Durham; Durham,Councillor Gavin Brydon; Councillor Rhys Burriss,https://democracy.durham.gov.uk/mgUserInfo.aspx?UID=28129#content; https://democracy.durham.gov.uk/mgUserInfo.aspx?UID=28119#content
N/A N/A SECTION TWO - OTHER INTERESTS 8,2,Durham; Durham,Councillor Ian Catchpole; Councillor Paul Sexton,https://democracy.durham.gov.uk/mgRofI.aspx?UID=28134&FID=-1&HPID=97483469; https://democracy.durham.gov.uk/mgRofI.aspx?UID=5073&FID=-1&HPID=97483560
g Committee (10/06/2021 - 21/01/2025) Te,2,Durham; Durham,Councillor Cathy Hunt; Councillor Robert Potts,https://democracy.durham.gov.uk/mgUserInfo.aspx?UID=8048#content; https://democracy.durham.gov.uk/mgUserInfo.aspx?UID=8074#content
e of gift/hospitality 14/06/25 Du,2,Durham; Durham,Councillor Cathy Hunt; Councillor Joe Quinn,https://democracy.durham.gov.uk/mgRofI.aspx?UID=8048&FID=-1&HPID=97483512; https://democracy.durham.gov.uk/mgRofI.aspx?UID=8043&FID=-1&HPID=97483538
ts Committee (29/05/2025 - 19/09/2025) A,2,Durham; Durham,Councillor Paul Mountford; Councillor David Walton,https://democracy.durham.gov.uk/mgUserInfo.aspx?UID=28143#content; https://democracy.durham.gov.uk/mgUserInfo.aspx?UID=28145#content
y Committee (02/06/2021 - 05/06/2023) Ge,2,Durham; Durham; Durham,Councillor Robert Potts; Councillor Joe Quinn; Councillor Joe Quinn,https://democracy.durham.gov.uk/mgUserInfo.aspx?UID=8074#content; https://democracy.durham.gov.uk/mgUserInfo.aspx?UID=8043#content; https://democracy.durham.gov.uk/mgUserInfo.aspx?UID=8043#content
y Committee Highways Committee Safe,2,Durham; Durham,Councillor Brian Quirey; Councillor Adrian Schulman,https://democracy.durham.gov.uk/mgUserInfo.aspx?UID=28167#content; https://democracy.durham.gov.uk/mgUserInfo.aspx?UID=28177#content
Name of Body Name of Body NIL - Top Adult Social Ca,2,Devon; Devon,Councillor Tony Dempster; Councillor Neale Raleigh,https://democracy.devon.gov.uk/mgRofI.aspx?UID=135&FID=-1&HPID=12778486; https://democracy.devon.gov.uk/mgRofI.aspx?UID=11612&FID=-1&HPID=12778500
ms of Office 02/05/2013 - 04/05/2017 02/05/2025 - 03/05/2029 Additio,2,Devon; Devon,Councillor Tony Dempster; Councillor Robin Julian,https://democracy.devon.gov.uk/mgUserInfo.aspx?UID=135#content; https://democracy.devon.gov.uk/mgUserInfo.aspx?UID=157#content
d (3) Localism Act 2011 (Home) 6,2,Devon; Devon,Councillor Jacqueline Fry; Councillor Neale Raleigh,https://democracy.devon.gov.uk/mgRofI.aspx?UID=11597&FID=-1&HPID=12778490; https://democracy.devon.gov.uk/mgRofI.aspx?UID=11612&FID=-1&HPID=12778500
d Coastal Committee (RFCC) Additio,2,Devon; Devon,Councillor Robin Julian; Councillor Lynne Rowsell,https://democracy.devon.gov.uk/mgUserInfo.aspx?UID=157#content; https://democracy.devon.gov.uk/mgUserInfo.aspx?UID=11580#content
