council,index_url,error
Aberdeenshire,https://aberdeenshire.moderngov.co.uk/mgMemberIndex.aspx?bcr=1,"HTTPSConnectionPool(host='aberdeenshire.moderngov.co.uk', port=443): Max retries exceeded with url: /mgMemberIndex.aspx?bcr=1 (Caused by NameResolutionError(""HTTPSConnection(host='aberdeenshire.moderngov.co.uk', port=443): Failed to resolve 'aberdeenshire.moderngov.co.uk' ([Errno 8] nodename nor servname provided, or not known)""))"
Arun,https://arun.moderngov.co.uk/mgMemberIndex.aspx?bcr=1,"HTTPSConnectionPool(host='arun.moderngov.co.uk', port=443): Max retries exceeded with url: /mgMemberIndex.aspx?bcr=1 (Caused by NameResolutionError(""HTTPSConnection(host='arun.moderngov.co.uk', port=443): Failed to resolve 'arun.moderngov.co.uk' ([Errno 8] nodename nor servname provided, or not known)""))"
Ashfield,https://ashfield.moderngov.co.uk/mgMemberIndex.aspx?bcr=1,"HTTPSConnectionPool(host='ashfield.moderngov.co.uk', port=443): Max retries exceeded with url: /mgMemberIndex.aspx?bcr=1 (Caused by NameResolutionError(""HTTPSConnection(host='ashfield.moderngov.co.uk', port=443): Failed to resolve 'ashfield.moderngov.co.uk' ([Errno 8] nodename nor servname provided, or not known)""))"
Ashford,https://ashford.moderngov.co.uk/mgMemberIndex.aspx?bcr=1,"HTTPSConnectionPool(host='ashford.moderngov.co.uk', port=443): Max retries exceeded with url: /mgMemberIndex.aspx?bcr=1 (Caused by NameResolutionError(""HTTPSConnection(host='ashford.moderngov.co.uk', port=443): Failed to resolve 'ashford.moderngov.co.uk' ([Errno 8] nodename nor servname provided, or not known)""))"
Barnet,https://barnet.moderngov.co.uk/mgMemberIndex.aspx?bcr=1,"HTTPSConnectionPool(host='barnet.moderngov.co.uk', port=443): Max retries exceeded with url: /mgMemberIndex.aspx?bcr=1 (Caused by NameResolutionError(""HTTPSConnection(host='barnet.moderngov.co.uk', port=443): Failed to resolve 'barnet.moderngov.co.uk' ([Errno 8] nodename nor servname provided, or not known)""))"
Bassetlaw,https://bassetlaw.moderngov.co.uk/mgMemberIndex.aspx?bcr=1,"HTTPSConnectionPool(host='bassetlaw.moderngov.co.uk', port=443): Max retries exceeded with url: /mgMemberIndex.aspx?bcr=1 (Caused by NameResolutionError(""HTTPSConnection(host='bassetlaw.moderngov.co.uk', port=443): Failed to resolve 'bassetlaw.moderngov.co.uk' ([Errno 8] nodename nor servname provided, or not known)""))"
Blaby,https://blaby.moderngov.co.uk/mgMemberIndex.aspx?bcr=1,"HTTPSConnectionPool(host='blaby.moderngov.co.uk', port=443): Max retries exceeded with url: /mgMemberIndex.aspx?bcr=1 (Caused by NameResolutionError(""HTTPSConnection(host='blaby.moderngov.co.uk', port=443): Failed to resolve 'blaby.moderngov.co.uk' ([Errno 8] nodename nor servname provided, or not known)""))"
Blackpool,https://blackpool.moderngov.co.uk/mgMemberIndex.aspx?bcr=1,"HTTPSConnectionPool(host='blackpool.moderngov.co.uk', port=443): Max retries exceeded with url: /mgMemberIndex.aspx?bcr=1 (Caused by NameResolutionError(""HTTPSConnection(host='blackpool.moderngov.co.uk', port=443): Failed to resolve 'blackpool.moderngov.co.uk' ([Errno 8] nodename nor servname provided, or not known)""))"
Bolsover,https://bolsover.moderngov.co.uk/mgMemberIndex.aspx?bcr=1,"HTTPSConnectionPool(host='bolsover.moderngov.co.uk', port=443): Max retries exceeded with url: /mgMemberIndex.aspx?bcr=1 (Caused by NameResolutionError(""HTTPSConnection(host='bolsover.moderngov.co.uk', port=443): Failed to resolve 'bolsover.moderngov.co.uk' ([Errno 8] nodename nor servname provided, or not known)""))"
Boston,https://boston.moderngov.co.uk/mgMemberIndex.aspx?bcr=1,"HTTPSConnectionPool(host='boston.moderngov.co.uk', port=443): Max retries exceeded with url: /mgMemberIndex.aspx?bcr=1 (Caused by NameResolutionError(""HTTPSConnection(host='boston.moderngov.co.uk', port=443): Failed to resolve 'boston.moderngov.co.uk' ([Errno 8] nodename nor servname provided, or not known)""))"
Breckland,https://breckland.moderngov.co.uk/mgMemberIndex.aspx?bcr=1,"HTTPSConnectionPool(host='breckland.moderngov.co.uk', port=443): Max retries exceeded with url: /mgMemberIndex.aspx?bcr=1 (Caused by NameResolutionError(""HTTPSConnection(host='breckland.moderngov.co.uk', port=443): Failed to resolve 'breckland.moderngov.co.uk' ([Errno 8] nodename nor servname provided, or not known)""))"
Bridgend,https://bridgend.moderngov.co.uk/mgMemberIndex.aspx?bcr=1,"HTTPSConnectionPool(host='bridgend.moderngov.co.uk', port=443): Max retries exceeded with url: /mgMemberIndex.aspx?bcr=1 (Caused by NameResolutionError(""HTTPSConnection(host='bridgend.moderngov.co.uk', port=443): Failed to resolve 'bridgend.moderngov.co.uk' ([Errno 8] nodename nor servname provided, or not known)""))"
Broxbourne,https://broxbourne.moderngov.co.uk/mgMemberIndex.aspx?bcr=1,"HTTPSConnectionPool(host='broxbourne.moderngov.co.uk', port=443): Max retries exceeded with url: /mgMemberIndex.aspx?bcr=1 (Caused by NameResolutionError(""HTTPSConnection(host='broxbourne.moderngov.co.uk', port=443): Failed to resolve 'broxbourne.moderngov.co.uk' ([Errno 8] nodename nor servname provided, or not known)""))"
Buckinghamshire,https://buckinghamshire.moderngov.co.uk/mgMemberIndex.aspx?bcr=1,"HTTPSConnectionPool(host='buckinghamshire.moderngov.co.uk', port=443): Max retries exceeded with url: /mgMemberIndex.aspx?bcr=1 (Caused by NameResolutionError(""HTTPSConnection(host='buckinghamshire.moderngov.co.uk', port=443): Failed to resolve 'buckinghamshire.moderngov.co.uk' ([Errno 8] nodename nor servname provided, or not known)""))"
Calderdale,https://calderdale.moderngov.co.uk/mgMemberIndex.aspx?bcr=1,"HTTPSConnectionPool(host='calderdale.moderngov.co.uk', port=443): Max retries exceeded with url: /mgMemberIndex.aspx?bcr=1 (Caused by NameResolutionError(""HTTPSConnection(host='calderdale.moderngov.co.uk', port=443): Failed to resolve 'calderdale.moderngov.co.uk' ([Errno 8] nodename nor servname provided, or not known)""))"
Cambridgeshire,https://cambridgeshire.moderngov.co.uk/mgMemberIndex.aspx?bcr=1,"HTTPSConnectionPool(host='cambridgeshire.moderngov.co.uk', port=443): Max retries exceeded with url: /mgMemberIndex.aspx?bcr=1 (Caused by NameResolutionError(""HTTPSConnection(host='cambridgeshire.moderngov.co.uk', port=443): Failed to resolve 'cambridgeshire.moderngov.co.uk' ([Errno 8] nodename nor servname provided, or not known)""))"
Cheshire East,https://cheshireeast.moderngov.co.uk/mgMemberIndex.aspx?bcr=1,"HTTPSConnectionPool(host='cheshireeast.moderngov.co.uk', port=443): Max retries exceeded with url: /mgMemberIndex.aspx?bcr=1 (Caused by NameResolutionError(""HTTPSConnection(host='cheshireeast.moderngov.co.uk', port=443): Failed to resolve 'cheshireeast.moderngov.co.uk' ([Errno 8] nodename nor servname provided, or not known)""))"
Cheshire West and Chester,https://cheshirewestandchester.moderngov.co.uk/mgMemberIndex.aspx?bcr=1,"HTTPSConnectionPool(host='cheshirewestandchester.moderngov.co.uk', port=443): Max retries exceeded with url: /mgMemberIndex.aspx?bcr=1 (Caused by NameResolutionError(""HTTPSConnection(host='cheshirewestandchester.moderngov.co.uk', port=443): Failed to resolve 'cheshirewestandchester.moderngov.co.uk' ([Errno 8] nodename nor servname provided, or not known)""))"
Chorley,https://chorley.moderngov.co.uk/mgMemberIndex.aspx?bcr=1,"HTTPSConnectionPool(host='chorley.moderngov.co.uk', port=443): Max retries exceeded with url: /mgMemberIndex.aspx?bcr=1 (Caused by NameResolutionError(""HTTPSConnection(host='chorley.moderngov.co.uk', port=443): Failed to resolve 'chorley.moderngov.co.uk' ([Errno 8] nodename nor servname provided, or not known)""))"
Cornwall,https://cornwall.moderngov.co.uk/mgMemberIndex.aspx?bcr=1,"HTTPSConnectionPool(host='cornwall.moderngov.co.uk', port=443): Max retries exceeded with url: /mgMemberIndex.aspx?bcr=1 (Caused by NameResolutionError(""HTTPSConnection(host='cornwall.moderngov.co.uk', port=443): Failed to resolve 'cornwall.moderngov.co.uk' ([Errno 8] nodename nor servname provided, or not known)""))"
Dartford,https://dartford.moderngov.co.uk/mgMemberIndex.aspx?bcr=1,"HTTPSConnectionPool(host='dartford.moderngov.co.uk', port=443): Max retries exceeded with url: /mgMemberIndex.aspx?bcr=1 (Caused by NameResolutionError(""HTTPSConnection(host='dartford.moderngov.co.uk', port=443): Failed to resolve 'dartford.moderngov.co.uk' ([Errno 8] nodename nor servname provided, or not known)""))"
Derbyshire,https://derbyshire.moderngov.co.uk/mgMemberIndex.aspx?bcr=1,"HTTPSConnectionPool(host='derbyshire.moderngov.co.uk', port=443): Max retries exceeded with url: /mgMemberIndex.aspx?bcr=1 (Caused by NameResolutionError(""HTTPSConnection(host='derbyshire.moderngov.co.uk', port=443): Failed to resolve 'derbyshire.moderngov.co.uk' ([Errno 8] nodename nor servname provided, or not known)""))"
Devon,https://devon.moderngov.co.uk/mgMemberIndex.aspx?bcr=1,"HTTPSConnectionPool(host='devon.moderngov.co.uk', port=443): Max retries exceeded with url: /mgMemberIndex.aspx?bcr=1 (Caused by NameResolutionError(""HTTPSConnection(host='devon.moderngov.co.uk', port=443): Failed to resolve 'devon.moderngov.co.uk' ([Errno 8] nodename nor servname provided, or not known)""))"
Doncaster,https://doncaster.moderngov.co.uk/mgMemberIndex.aspx?bcr=1,"HTTPSConnectionPool(host='doncaster.moderngov.co.uk', port=443): Max retries exceeded with url: /mgMemberIndex.aspx?bcr=1 (Caused by NameResolutionError(""HTTPSConnection(host='doncaster.moderngov.co.uk', port=443): Failed to resolve 'doncaster.moderngov.co.uk' ([Errno 8] nodename nor servname provided, or not known)""))"
Durham,https://durham.moderngov.co.uk/mgMemberIndex.aspx?bcr=1,"HTTPSConnectionPool(host='durham.moderngov.co.uk', port=443): Max retries exceeded with url: /mgMemberIndex.aspx?bcr=1 (Caused by NameResolutionError(""HTTPSConnection(host='durham.moderngov.co.uk', port=443): Failed to resolve 'durham.moderngov.co.uk' ([Errno 8] nodename nor servname provided, or not known)""))"
East Hertfordshire,https://easthertfordshire.moderngov.co.uk/mgMemberIndex.aspx?bcr=1,"HTTPSConnectionPool(host='easthertfordshire.moderngov.co.uk', port=443): Max retries exceeded with url: /mgMemberIndex.aspx?bcr=1 (Caused by NameResolutionError(""HTTPSConnection(host='easthertfordshire.moderngov.co.uk', port=443): Failed to resolve 'easthertfordshire.moderngov.co.uk' ([Errno 8] nodename nor servname provided, or not known)""))"
East Lindsey,https://eastlindsey.moderngov.co.uk/mgMemberIndex.aspx?bcr=1,"HTTPSConnectionPool(host='eastlindsey.moderngov.co.uk', port=443): Max retries exceeded with url: /mgMemberIndex.aspx?bcr=1 (Caused by NameResolutionError(""HTTPSConnection(host='eastlindsey.moderngov.co.uk', port=443): Failed to resolve 'eastlindsey.moderngov.co.uk' ([Errno 8] nodename nor servname provided, or not known)""))"
East Riding of Yorkshire,https://eastridingofyorkshire.moderngov.co.uk/mgMemberIndex.aspx?bcr=1,"HTTPSConnectionPool(host='eastridingofyorkshire.moderngov.co.uk', port=443): Max retries exceeded with url: /mgMemberIndex.aspx?bcr=1 (Caused by NameResolutionError(""HTTPSConnection(host='eastridingofyorkshire.moderngov.co.uk', port=443): Failed to resolve 'eastridingofyorkshire.moderngov.co.uk' ([Errno 8] nodename nor servname provided, or not known)""))"
Elmbridge,https://elmbridge.moderngov.co.uk/mgMemberIndex.aspx?bcr=1,"HTTPSConnectionPool(host='elmbridge.moderngov.co.uk', port=443): Max retries exceeded with url: /mgMemberIndex.aspx?bcr=1 (Caused by NameResolutionError(""HTTPSConnection(host='elmbridge.moderngov.co.uk', port=443): Failed to resolve 'elmbridge.moderngov.co.uk' ([Errno 8] nodename nor servname provided, or not known)""))"
Epping Forest,https://eppingforest.moderngov.co.uk/mgMemberIndex.aspx?bcr=1,"HTTPSConnectionPool(host='eppingforest.moderngov.co.uk', port=443): Max retries exceeded with url: /mgMemberIndex.aspx?bcr=1 (Caused by NameResolutionError(""HTTPSConnection(host='eppingforest.moderngov.co.uk', port=443): Failed to resolve 'eppingforest.moderngov.co.uk' ([Errno 8] nodename nor servname provided, or not known)""))"
Erewash,https://erewash.moderngov.co.uk/mgMemberIndex.aspx?bcr=1,"HTTPSConnectionPool(host='erewash.moderngov.co.uk', port=443): Max retries exceeded with url: /mgMemberIndex.aspx?bcr=1 (Caused by NameResolutionError(""HTTPSConnection(host='erewash.moderngov.co.uk', port=443): Failed to resolve 'erewash.moderngov.co.uk' ([Errno 8] nodename nor servname provided, or not known)""))"
Essex,https://essex.moderngov.co.uk/mgMemberIndex.aspx?bcr=1,"HTTPSConnectionPool(host='essex.moderngov.co.uk', port=443): Max retries exceeded with url: /mgMemberIndex.aspx?bcr=1 (Caused by NameResolutionError(""HTTPSConnection(host='essex.moderngov.co.uk', port=443): Failed to resolve 'essex.moderngov.co.uk' ([Errno 8] nodename nor servname provided, or not known)""))"
Exeter,https://exeter.moderngov.co.uk/mgMemberIndex.aspx?bcr=1,"HTTPSConnectionPool(host='exeter.moderngov.co.uk', port=443): Max retries exceeded with url: /mgMemberIndex.aspx?bcr=1 (Caused by NameResolutionError(""HTTPSConnection(host='exeter.moderngov.co.uk', port=443): Failed to resolve 'exeter.moderngov.co.uk' ([Errno 8] nodename nor servname provided, or not known)""))"
Falkirk,https://falkirk.moderngov.co.uk/mgMemberIndex.aspx?bcr=1,"HTTPSConnectionPool(host='falkirk.moderngov.co.uk', port=443): Max retries exceeded with url: /mgMemberIndex.aspx?bcr=1 (Caused by NameResolutionError(""HTTPSConnection(host='falkirk.moderngov.co.uk', port=443): Failed to resolve 'falkirk.moderngov.co.uk' ([Errno 8] nodename nor servname provided, or not known)""))"
Folkestone and Hythe,https://folkestoneandhythe.moderngov.co.uk/mgMemberIndex.aspx?bcr=1,"HTTPSConnectionPool(host='folkestoneandhythe.moderngov.co.uk', port=443): Max retries exceeded with url: /mgMemberIndex.aspx?bcr=1 (Caused by NameResolutionError(""HTTPSConnection(host='folkestoneandhythe.moderngov.co.uk', port=443): Failed to resolve 'folkestoneandhythe.moderngov.co.uk' ([Errno 8] nodename nor servname provided, or not known)""))"
Forest of Dean,https://forestofdean.moderngov.co.uk/mgMemberIndex.aspx?bcr=1,"HTTPSConnectionPool(host='forestofdean.moderngov.co.uk', port=443): Max retries exceeded with url: /mgMemberIndex.aspx?bcr=1 (Caused by NameResolutionError(""HTTPSConnection(host='forestofdean.moderngov.co.uk', port=443): Failed to resolve 'forestofdean.moderngov.co.uk' ([Errno 8] nodename nor servname provided, or not known)""))"
Glasgow City,https://glasgowcity.moderngov.co.uk/mgMemberIndex.aspx?bcr=1,"HTTPSConnectionPool(host='glasgowcity.moderngov.co.uk', port=443): Max retries exceeded with url: /mgMemberIndex.aspx?bcr=1 (Caused by NameResolutionError(""HTTPSConnection(host='glasgowcity.moderngov.co.uk', port=443): Failed to resolve 'glasgowcity.moderngov.co.uk' ([Errno 8] nodename nor servname provided, or not known)""))"
Gloucestershire,https://gloucestershire.moderngov.co.uk/mgMemberIndex.aspx?bcr=1,"HTTPSConnectionPool(host='gloucestershire.moderngov.co.uk', port=443): Max retries exceeded with url: /mgMemberIndex.aspx?bcr=1 (Caused by NameResolutionError(""HTTPSConnection(host='gloucestershire.moderngov.co.uk', port=443): Failed to resolve 'gloucestershire.moderngov.co.uk' ([Errno 8] nodename nor servname provided, or not known)""))"
Harlow,https://harlow.moderngov.co.uk/mgMemberIndex.aspx?bcr=1,"HTTPSConnectionPool(host='harlow.moderngov.co.uk', port=443): Max retries exceeded with url: /mgMemberIndex.aspx?bcr=1 (Caused by NameResolutionError(""HTTPSConnection(host='harlow.moderngov.co.uk', port=443): Failed to resolve 'harlow.moderngov.co.uk' ([Errno 8] nodename nor servname provided, or not known)""))"
Hartlepool,https://hartlepool.moderngov.co.uk/mgMemberIndex.aspx?bcr=1,"HTTPSConnectionPool(host='hartlepool.moderngov.co.uk', port=443): Max retries exceeded with url: /mgMemberIndex.aspx?bcr=1 (Caused by NameResolutionError(""HTTPSConnection(host='hartlepool.moderngov.co.uk', port=443): Failed to resolve 'hartlepool.moderngov.co.uk' ([Errno 8] nodename nor servname provided, or not known)""))"
Havant,https://havant.moderngov.co.uk/mgMemberIndex.aspx?bcr=1,"HTTPSConnectionPool(host='havant.moderngov.co.uk', port=443): Max retries exceeded with url: /mgMemberIndex.aspx?bcr=1 (Caused by NameResolutionError(""HTTPSConnection(host='havant.moderngov.co.uk', port=443): Failed to resolve 'havant.moderngov.co.uk' ([Errno 8] nodename nor servname provided, or not known)""))"
Hertfordshire,https://hertfordshire.moderngov.co.uk/mgMemberIndex.aspx?bcr=1,"HTTPSConnectionPool(host='hertfordshire.moderngov.co.uk', port=443): Max retries exceeded with url: /mgMemberIndex.aspx?bcr=1 (Caused by NameResolutionError(""HTTPSConnection(host='hertfordshire.moderngov.co.uk', port=443): Failed to resolve 'hertfordshire.moderngov.co.uk' ([Errno 8] nodename nor servname provided, or not known)""))"
Isle of Wight,https://isleofwight.moderngov.co.uk/mgMemberIndex.aspx?bcr=1,"HTTPSConnectionPool(host='isleofwight.moderngov.co.uk', port=443): Max retries exceeded with url: /mgMemberIndex.aspx?bcr=1 (Caused by NameResolutionError(""HTTPSConnection(host='isleofwight.moderngov.co.uk', port=443): Failed to resolve 'isleofwight.moderngov.co.uk' ([Errno 8] nodename nor servname provided, or not known)""))"
Kent,https://kent.moderngov.co.uk/mgMemberIndex.aspx?bcr=1,"HTTPSConnectionPool(host='kent.moderngov.co.uk', port=443): Max retries exceeded with url: /mgMemberIndex.aspx?bcr=1 (Caused by NameResolutionError(""HTTPSConnection(host='kent.moderngov.co.uk', port=443): Failed to resolve 'kent.moderngov.co.uk' ([Errno 8] nodename nor servname provided, or not known)""))"
King's Lynn and West Norfolk,https://kingslynnandwestnorfolk.moderngov.co.uk/mgMemberIndex.aspx?bcr=1,"HTTPSConnectionPool(host='kingslynnandwestnorfolk.moderngov.co.uk', port=443): Max retries exceeded with url: /mgMemberIndex.aspx?bcr=1 (Caused by NameResolutionError(""HTTPSConnection(host='kingslynnandwestnorfolk.moderngov.co.uk', port=443): Failed to resolve 'kingslynnandwestnorfolk.moderngov.co.uk' ([Errno 8] nodename nor servname provided, or not known)""))"
Lancashire,https://lancashire.moderngov.co.uk/mgMemberIndex.aspx?bcr=1,"HTTPSConnectionPool(host='lancashire.moderngov.co.uk', port=443): Max retries exceeded with url: /mgMemberIndex.aspx?bcr=1 (Caused by NameResolutionError(""HTTPSConnection(host='lancashire.moderngov.co.uk', port=443): Failed to resolve 'lancashire.moderngov.co.uk' ([Errno 8] nodename nor servname provided, or not known)""))"
Leicestershire,https://leicestershire.moderngov.co.uk/mgMemberIndex.aspx?bcr=1,"HTTPSConnectionPool(host='leicestershire.moderngov.co.uk', port=443): Max retries exceeded with url: /mgMemberIndex.aspx?bcr=1 (Caused by NameResolutionError(""HTTPSConnection(host='leicestershire.moderngov.co.uk', port=443): Failed to resolve 'leicestershire.moderngov.co.uk' ([Errno 8] nodename nor servname provided, or not known)""))"
Lichfield,https://lichfield.moderngov.co.uk/mgMemberIndex.aspx?bcr=1,"HTTPSConnectionPool(host='lichfield.moderngov.co.uk', port=443): Max retries exceeded with url: /mgMemberIndex.aspx?bcr=1 (Caused by NameResolutionError(""HTTPSConnection(host='lichfield.moderngov.co.uk', port=443): Failed to resolve 'lichfield.moderngov.co.uk' ([Errno 8] nodename nor servname provided, or not known)""))"
Lincolnshire,https://lincolnshire.moderngov.co.uk/mgMemberIndex.aspx?bcr=1,"HTTPSConnectionPool(host='lincolnshire.moderngov.co.uk', port=443): Max retries exceeded with url: /mgMemberIndex.aspx?bcr=1 (Caused by NameResolutionError(""HTTPSConnection(host='lincolnshire.moderngov.co.uk', port=443): Failed to resolve 'lincolnshire.moderngov.co.uk' ([Errno 8] nodename nor servname provided, or not known)""))"
Mansfield,https://mansfield.moderngov.co.uk/mgMemberIndex.aspx?bcr=1,"HTTPSConnectionPool(host='mansfield.moderngov.co.uk', port=443): Max retries exceeded with url: /mgMemberIndex.aspx?bcr=1 (Caused by NameResolutionError(""HTTPSConnection(host='mansfield.moderngov.co.uk', port=443): Failed to resolve 'mansfield.moderngov.co.uk' ([Errno 8] nodename nor servname provided, or not known)""))"
Medway,https://medway.moderngov.co.uk/mgMemberIndex.aspx?bcr=1,"HTTPSConnectionPool(host='medway.moderngov.co.uk', port=443): Max retries exceeded with url: /mgMemberIndex.aspx?bcr=1 (Caused by NameResolutionError(""HTTPSConnection(host='medway.moderngov.co.uk', port=443): Failed to resolve 'medway.moderngov.co.uk' ([Errno 8] nodename nor servname provided, or not known)""))"
Newcastle-under-Lyme,https://newcastle-under-lyme.moderngov.co.uk/mgMemberIndex.aspx?bcr=1,"HTTPSConnectionPool(host='newcastle-under-lyme.moderngov.co.uk', port=443): Max retries exceeded with url: /mgMemberIndex.aspx?bcr=1 (Caused by NameResolutionError(""HTTPSConnection(host='newcastle-under-lyme.moderngov.co.uk', port=443): Failed to resolve 'newcastle-under-lyme.moderngov.co.uk' ([Errno 8] nodename nor servname provided, or not known)""))"
Norfolk,https://norfolk.moderngov.co.uk/mgMemberIndex.aspx?bcr=1,"HTTPSConnectionPool(host='norfolk.moderngov.co.uk', port=443): Max retries exceeded with url: /mgMemberIndex.aspx?bcr=1 (Caused by NameResolutionError(""HTTPSConnection(host='norfolk.moderngov.co.uk', port=443): Failed to resolve 'norfolk.moderngov.co.uk' ([Errno 8] nodename nor servname provided, or not known)""))"
North Ayrshire,https://northayrshire.moderngov.co.uk/mgMemberIndex.aspx?bcr=1,"HTTPSConnectionPool(host='northayrshire.moderngov.co.uk', port=443): Max retries exceeded with url: /mgMemberIndex.aspx?bcr=1 (Caused by NameResolutionError(""HTTPSConnection(host='northayrshire.moderngov.co.uk', port=443): Failed to resolve 'northayrshire.moderngov.co.uk' ([Errno 8] nodename nor servname provided, or not known)""))"
North East Derbyshire,https://northeastderbyshire.moderngov.co.uk/mgMemberIndex.aspx?bcr=1,"HTTPSConnectionPool(host='northeastderbyshire.moderngov.co.uk', port=443): Max retries exceeded with url: /mgMemberIndex.aspx?bcr=1 (Caused by NameResolutionError(""HTTPSConnection(host='northeastderbyshire.moderngov.co.uk', port=443): Failed to resolve 'northeastderbyshire.moderngov.co.uk' ([Errno 8] nodename nor servname provided, or not known)""))"
North East Lincolnshire,https://northeastlincolnshire.moderngov.co.uk/mgMemberIndex.aspx?bcr=1,"HTTPSConnectionPool(host='northeastlincolnshire.moderngov.co.uk', port=443): Max retries exceeded with url: /mgMemberIndex.aspx?bcr=1 (Caused by NameResolutionError(""HTTPSConnection(host='northeastlincolnshire.moderngov.co.uk', port=443): Failed to resolve 'northeastlincolnshire.moderngov.co.uk' ([Errno 8] nodename nor servname provided, or not known)""))"
North Northamptonshire,https://northnorthamptonshire.moderngov.co.uk/mgMemberIndex.aspx?bcr=1,"HTTPSConnectionPool(host='northnorthamptonshire.moderngov.co.uk', port=443): Max retries exceeded with url: /mgMemberIndex.aspx?bcr=1 (Caused by NameResolutionError(""HTTPSConnection(host='northnorthamptonshire.moderngov.co.uk', port=443): Failed to resolve 'northnorthamptonshire.moderngov.co.uk' ([Errno 8] nodename nor servname provided, or not known)""))"
North Somerset,https://northsomerset.moderngov.co.uk/mgMemberIndex.aspx?bcr=1,"HTTPSConnectionPool(host='northsomerset.moderngov.co.uk', port=443): Max retries exceeded with url: /mgMemberIndex.aspx?bcr=1 (Caused by NameResolutionError(""HTTPSConnection(host='northsomerset.moderngov.co.uk', port=443): Failed to resolve 'northsomerset.moderngov.co.uk' ([Errno 8] nodename nor servname provided, or not known)""))"
North Warwickshire,https://northwarwickshire.moderngov.co.uk/mgMemberIndex.aspx?bcr=1,"HTTPSConnectionPool(host='northwarwickshire.moderngov.co.uk', port=443): Max retries exceeded with url: /mgMemberIndex.aspx?bcr=1 (Caused by NameResolutionError(""HTTPSConnection(host='northwarwickshire.moderngov.co.uk', port=443): Failed to resolve 'northwarwickshire.moderngov.co.uk' ([Errno 8] nodename nor servname provided, or not known)""))"
North West Leicestershire,https://northwestleicestershire.moderngov.co.uk/mgMemberIndex.aspx?bcr=1,"HTTPSConnectionPool(host='northwestleicestershire.moderngov.co.uk', port=443): Max retries exceeded with url: /mgMemberIndex.aspx?bcr=1 (Caused by NameResolutionError(""HTTPSConnection(host='northwestleicestershire.moderngov.co.uk', port=443): Failed to resolve 'northwestleicestershire.moderngov.co.uk' ([Errno 8] nodename nor servname provided, or not known)""))"
North Yorkshire,https://northyorkshire.moderngov.co.uk/mgMemberIndex.aspx?bcr=1,"HTTPSConnectionPool(host='northyorkshire.moderngov.co.uk', port=443): Max retries exceeded with url: /mgMemberIndex.aspx?bcr=1 (Caused by NameResolutionError(""HTTPSConnection(host='northyorkshire.moderngov.co.uk', port=443): Failed to resolve 'northyorkshire.moderngov.co.uk' ([Errno 8] nodename nor servname provided, or not known)""))"
Northumberland,https://northumberland.moderngov.co.uk/mgMemberIndex.aspx?bcr=1,"HTTPSConnectionPool(host='northumberland.moderngov.co.uk', port=443): Max retries exceeded with url: /mgMemberIndex.aspx?bcr=1 (Caused by NameResolutionError(""HTTPSConnection(host='northumberland.moderngov.co.uk', port=443): Failed to resolve 'northumberland.moderngov.co.uk' ([Errno 8] nodename nor servname provided, or not known)""))"
Nottinghamshire,https://nottinghamshire.moderngov.co.uk/mgMemberIndex.aspx?bcr=1,"HTTPSConnectionPool(host='nottinghamshire.moderngov.co.uk', port=443): Max retries exceeded with url: /mgMemberIndex.aspx?bcr=1 (Caused by NameResolutionError(""HTTPSConnection(host='nottinghamshire.moderngov.co.uk', port=443): Failed to resolve 'nottinghamshire.moderngov.co.uk' ([Errno 8] nodename nor servname provided, or not known)""))"
Oxfordshire,https://oxfordshire.moderngov.co.uk/mgMemberIndex.aspx?bcr=1,"HTTPSConnectionPool(host='oxfordshire.moderngov.co.uk', port=443): Max retries exceeded with url: /mgMemberIndex.aspx?bcr=1 (Caused by NameResolutionError(""HTTPSConnection(host='oxfordshire.moderngov.co.uk', port=443): Failed to resolve 'oxfordshire.moderngov.co.uk' ([Errno 8] nodename nor servname provided, or not known)""))"
Pendle,https://pendle.moderngov.co.uk/mgMemberIndex.aspx?bcr=1,"HTTPSConnectionPool(host='pendle.moderngov.co.uk', port=443): Max retries exceeded with url: /mgMemberIndex.aspx?bcr=1 (Caused by NameResolutionError(""HTTPSConnection(host='pendle.moderngov.co.uk', port=443): Failed to resolve 'pendle.moderngov.co.uk' ([Errno 8] nodename nor servname provided, or not known)""))"
Powys,https://powys.moderngov.co.uk/mgMemberIndex.aspx?bcr=1,"HTTPSConnectionPool(host='powys.moderngov.co.uk', port=443): Max retries exceeded with url: /mgMemberIndex.aspx?bcr=1 (Caused by NameResolutionError(""HTTPSConnection(host='powys.moderngov.co.uk', port=443): Failed to resolve 'powys.moderngov.co.uk' ([Errno 8] nodename nor servname provided, or not known)""))"
Renfrewshire,https://renfrewshire.moderngov.co.uk/mgMemberIndex.aspx?bcr=1,"HTTPSConnectionPool(host='renfrewshire.moderngov.co.uk', port=443): Max retries exceeded with url: /mgMemberIndex.aspx?bcr=1 (Caused by NameResolutionError(""HTTPSConnection(host='renfrewshire.moderngov.co.uk', port=443): Failed to resolve 'renfrewshire.moderngov.co.uk' ([Errno 8] nodename nor servname provided, or not known)""))"
Ribble Valley,https://ribblevalley.moderngov.co.uk/mgMemberIndex.aspx?bcr=1,"HTTPSConnectionPool(host='ribblevalley.moderngov.co.uk', port=443): Max retries exceeded with url: /mgMemberIndex.aspx?bcr=1 (Caused by NameResolutionError(""HTTPSConnection(host='ribblevalley.moderngov.co.uk', port=443): Failed to resolve 'ribblevalley.moderngov.co.uk' ([Errno 8] nodename nor servname provided, or not known)""))"
Rochdale,https://rochdale.moderngov.co.uk/mgMemberIndex.aspx?bcr=1,"HTTPSConnectionPool(host='rochdale.moderngov.co.uk', port=443): Max retries exceeded with url: /mgMemberIndex.aspx?bcr=1 (Caused by NameResolutionError(""HTTPSConnection(host='rochdale.moderngov.co.uk', port=443): Failed to resolve 'rochdale.moderngov.co.uk' ([Errno 8] nodename nor servname provided, or not known)""))"
Shropshire,https://shropshire.moderngov.co.uk/mgMemberIndex.aspx?bcr=1,"HTTPSConnectionPool(host='shropshire.moderngov.co.uk', port=443): Max retries exceeded with url: /mgMemberIndex.aspx?bcr=1 (Caused by NameResolutionError(""HTTPSConnection(host='shropshire.moderngov.co.uk', port=443): Failed to resolve 'shropshire.moderngov.co.uk' ([Errno 8] nodename nor servname provided, or not known)""))"
Somerset,https://somerset.moderngov.co.uk/mgMemberIndex.aspx?bcr=1,"HTTPSConnectionPool(host='somerset.moderngov.co.uk', port=443): Max retries exceeded with url: /mgMemberIndex.aspx?bcr=1 (Caused by NameResolutionError(""HTTPSConnection(host='somerset.moderngov.co.uk', port=443): Failed to resolve 'somerset.moderngov.co.uk' ([Errno 8] nodename nor servname provided, or not known)""))"
South Holland,https://southholland.moderngov.co.uk/mgMemberIndex.aspx?bcr=1,"HTTPSConnectionPool(host='southholland.moderngov.co.uk', port=443): Max retries exceeded with url: /mgMemberIndex.aspx?bcr=1 (Caused by NameResolutionError(""HTTPSConnection(host='southholland.moderngov.co.uk', port=443): Failed to resolve 'southholland.moderngov.co.uk' ([Errno 8] nodename nor servname provided, or not known)""))"
South Lanarkshire,https://southlanarkshire.moderngov.co.uk/mgMemberIndex.aspx?bcr=1,"HTTPSConnectionPool(host='southlanarkshire.moderngov.co.uk', port=443): Max retries exceeded with url: /mgMemberIndex.aspx?bcr=1 (Caused by NameResolutionError(""HTTPSConnection(host='southlanarkshire.moderngov.co.uk', port=443): Failed to resolve 'southlanarkshire.moderngov.co.uk' ([Errno 8] nodename nor servname provided, or not known)""))"
Southend-on-Sea,https://southend-on-sea.moderngov.co.uk/mgMemberIndex.aspx?bcr=1,"HTTPSConnectionPool(host='southend-on-sea.moderngov.co.uk', port=443): Max retries exceeded with url: /mgMemberIndex.aspx?bcr=1 (Caused by NameResolutionError(""HTTPSConnection(host='southend-on-sea.moderngov.co.uk', port=443): Failed to resolve 'southend-on-sea.moderngov.co.uk' ([Errno 8] nodename nor servname provided, or not known)""))"
St. Helens,https://sthelens.moderngov.co.uk/mgMemberIndex.aspx?bcr=1,"HTTPSConnectionPool(host='sthelens.moderngov.co.uk', port=443): Max retries exceeded with url: /mgMemberIndex.aspx?bcr=1 (Caused by NameResolutionError(""HTTPSConnection(host='sthelens.moderngov.co.uk', port=443): Failed to resolve 'sthelens.moderngov.co.uk' ([Errno 8] nodename nor servname provided, or not known)""))"
Staffordshire,https://staffordshire.moderngov.co.uk/mgMemberIndex.aspx?bcr=1,"HTTPSConnectionPool(host='staffordshire.moderngov.co.uk', port=443): Max retries exceeded with url: /mgMemberIndex.aspx?bcr=1 (Caused by NameResolutionError(""HTTPSConnection(host='staffordshire.moderngov.co.uk', port=443): Failed to resolve 'staffordshire.moderngov.co.uk' ([Errno 8] nodename nor servname provided, or not known)""))"
Stratford-on-Avon,https://stratford-on-avon.moderngov.co.uk/mgMemberIndex.aspx?bcr=1,"HTTPSConnectionPool(host='stratford-on-avon.moderngov.co.uk', port=443): Max retries exceeded with url: /mgMemberIndex.aspx?bcr=1 (Caused by NameResolutionError(""HTTPSConnection(host='stratford-on-avon.moderngov.co.uk', port=443): Failed to resolve 'stratford-on-avon.moderngov.co.uk' ([Errno 8] nodename nor servname provided, or not known)""))"
Suffolk,https://suffolk.moderngov.co.uk/mgMemberIndex.aspx?bcr=1,"HTTPSConnectionPool(host='suffolk.moderngov.co.uk', port=443): Max retries exceeded with url: /mgMemberIndex.aspx?bcr=1 (Caused by NameResolutionError(""HTTPSConnection(host='suffolk.moderngov.co.uk', port=443): Failed to resolve 'suffolk.moderngov.co.uk' ([Errno 8] nodename nor servname provided, or not known)""))"
Swale,https://swale.moderngov.co.uk/mgMemberIndex.aspx?bcr=1,"HTTPSConnectionPool(host='swale.moderngov.co.uk', port=443): Max retries exceeded with url: /mgMemberIndex.aspx?bcr=1 (Caused by NameResolutionError(""HTTPSConnection(host='swale.moderngov.co.uk', port=443): Failed to resolve 'swale.moderngov.co.uk' ([Errno 8] nodename nor servname provided, or not known)""))"
Tameside,https://tameside.moderngov.co.uk/mgMemberIndex.aspx?bcr=1,"HTTPSConnectionPool(host='tameside.moderngov.co.uk', port=443): Max retries exceeded with url: /mgMemberIndex.aspx?bcr=1 (Caused by NameResolutionError(""HTTPSConnection(host='tameside.moderngov.co.uk', port=443): Failed to resolve 'tameside.moderngov.co.uk' ([Errno 8] nodename nor servname provided, or not known)""))"
Teignbridge,https://teignbridge.moderngov.co.uk/mgMemberIndex.aspx?bcr=1,"HTTPSConnectionPool(host='teignbridge.moderngov.co.uk', port=443): Max retries exceeded with url: /mgMemberIndex.aspx?bcr=1 (Caused by NameResolutionError(""HTTPSConnection(host='teignbridge.moderngov.co.uk', port=443): Failed to resolve 'teignbridge.moderngov.co.uk' ([Errno 8] nodename nor servname provided, or not known)""))"
Tendring,https://tendring.moderngov.co.uk/mgMemberIndex.aspx?bcr=1,"HTTPSConnectionPool(host='tendring.moderngov.co.uk', port=443): Max retries exceeded with url: /mgMemberIndex.aspx?bcr=1 (Caused by NameResolutionError(""HTTPSConnection(host='tendring.moderngov.co.uk', port=443): Failed to resolve 'tendring.moderngov.co.uk' ([Errno 8] nodename nor servname provided, or not known)""))"
Thanet,https://thanet.moderngov.co.uk/mgMemberIndex.aspx?bcr=1,"HTTPSConnectionPool(host='thanet.moderngov.co.uk', port=443): Max retries exceeded with url: /mgMemberIndex.aspx?bcr=1 (Caused by NameResolutionError(""HTTPSConnection(host='thanet.moderngov.co.uk', port=443): Failed to resolve 'thanet.moderngov.co.uk' ([Errno 8] nodename nor servname provided, or not known)""))"
Thurrock,https://thurrock.moderngov.co.uk/mgMemberIndex.aspx?bcr=1,"HTTPSConnectionPool(host='thurrock.moderngov.co.uk', port=443): Max retries exceeded with url: /mgMemberIndex.aspx?bcr=1 (Caused by NameResolutionError(""HTTPSConnection(host='thurrock.moderngov.co.uk', port=443): Failed to resolve 'thurrock.moderngov.co.uk' ([Errno 8] nodename nor servname provided, or not known)""))"
Torfaen,https://torfaen.moderngov.co.uk/mgMemberIndex.aspx?bcr=1,"HTTPSConnectionPool(host='torfaen.moderngov.co.uk', port=443): Max retries exceeded with url: /mgMemberIndex.aspx?bcr=1 (Caused by NameResolutionError(""HTTPSConnection(host='torfaen.moderngov.co.uk', port=443): Failed to resolve 'torfaen.moderngov.co.uk' ([Errno 8] nodename nor servname provided, or not known)""))"
Uttlesford,https://uttlesford.moderngov.co.uk/mgMemberIndex.aspx?bcr=1,"HTTPSConnectionPool(host='uttlesford.moderngov.co.uk', port=443): Max retries exceeded with url: /mgMemberIndex.aspx?bcr=1 (Caused by NameResolutionError(""HTTPSConnection(host='uttlesford.moderngov.co.uk', port=443): Failed to resolve 'uttlesford.moderngov.co.uk' ([Errno 8] nodename nor servname provided, or not known)""))"
Warwickshire,https://warwickshire.moderngov.co.uk/mgMemberIndex.aspx?bcr=1,"HTTPSConnectionPool(host='warwickshire.moderngov.co.uk', port=443): Max retries exceeded with url: /mgMemberIndex.aspx?bcr=1 (Caused by NameResolutionError(""HTTPSConnection(host='warwickshire.moderngov.co.uk', port=443): Failed to resolve 'warwickshire.moderngov.co.uk' ([Errno 8] nodename nor servname provided, or not known)""))"
West Northamptonshire,https://westnorthamptonshire.moderngov.co.uk/mgMemberIndex.aspx?bcr=1,"HTTPSConnectionPool(host='westnorthamptonshire.moderngov.co.uk', port=443): Max retries exceeded with url: /mgMemberIndex.aspx?bcr=1 (Caused by NameResolutionError(""HTTPSConnection(host='westnorthamptonshire.moderngov.co.uk', port=443): Failed to resolve 'westnorthamptonshire.moderngov.co.uk' ([Errno 8] nodename nor servname provided, or not known)""))"
West Sussex,https://westsussex.moderngov.co.uk/mgMemberIndex.aspx?bcr=1,"HTTPSConnectionPool(host='westsussex.moderngov.co.uk', port=443): Max retries exceeded with url: /mgMemberIndex.aspx?bcr=1 (Caused by NameResolutionError(""HTTPSConnection(host='westsussex.moderngov.co.uk', port=443): Failed to resolve 'westsussex.moderngov.co.uk' ([Errno 8] nodename nor servname provided, or not known)""))"
Wiltshire,https://wiltshire.moderngov.co.uk/mgMemberIndex.aspx?bcr=1,"HTTPSConnectionPool(host='wiltshire.moderngov.co.uk', port=443): Max retries exceeded with url: /mgMemberIndex.aspx?bcr=1 (Caused by NameResolutionError(""HTTPSConnection(host='wiltshire.moderngov.co.uk', port=443): Failed to resolve 'wiltshire.moderngov.co.uk' ([Errno 8] nodename nor servname provided, or not known)""))"
Windsor and Maidenhead,https://windsorandmaidenhead.moderngov.co.uk/mgMemberIndex.aspx?bcr=1,"HTTPSConnectionPool(host='windsorandmaidenhead.moderngov.co.uk', port=443): Max retries exceeded with url: /mgMemberIndex.aspx?bcr=1 (Caused by NameResolutionError(""HTTPSConnection(host='windsorandmaidenhead.moderngov.co.uk', port=443): Failed to resolve 'windsorandmaidenhead.moderngov.co.uk' ([Errno 8] nodename nor servname provided, or not known)""))"
Wolverhampton,https://wolverhampton.moderngov.co.uk/mgMemberIndex.aspx?bcr=1,"HTTPSConnectionPool(host='wolverhampton.moderngov.co.uk', port=443): Max retries exceeded with url: /mgMemberIndex.aspx?bcr=1 (Caused by NameResolutionError(""HTTPSConnection(host='wolverhampton.moderngov.co.uk', port=443): Failed to resolve 'wolverhampton.moderngov.co.uk' ([Errno 8] nodename nor servname provided, or not known)""))"
Worcester,https://worcester.moderngov.co.uk/mgMemberIndex.aspx?bcr=1,"HTTPSConnectionPool(host='worcester.moderngov.co.uk', port=443): Max retries exceeded with url: /mgMemberIndex.aspx?bcr=1 (Caused by NameResolutionError(""HTTPSConnection(host='worcester.moderngov.co.uk', port=443): Failed to resolve 'worcester.moderngov.co.uk' ([Errno 8] nodename nor servname provided, or not known)""))"
Worcestershire,https://worcestershire.moderngov.co.uk/mgMemberIndex.aspx?bcr=1,"HTTPSConnectionPool(host='worcestershire.moderngov.co.uk', port=443): Max retries exceeded with url: /mgMemberIndex.aspx?bcr=1 (Caused by NameResolutionError(""HTTPSConnection(host='worcestershire.moderngov.co.uk', port=443): Failed to resolve 'worcestershire.moderngov.co.uk' ([Errno 8] nodename nor servname provided, or not known)""))"
Wyre,https://wyre.moderngov.co.uk/mgMemberIndex.aspx?bcr=1,"HTTPSConnectionPool(host='wyre.moderngov.co.uk', port=443): Max retries exceeded with url: /mgMemberIndex.aspx?bcr=1 (Caused by NameResolutionError(""HTTPSConnection(host='wyre.moderngov.co.uk', port=443): Failed to resolve 'wyre.moderngov.co.uk' ([Errno 8] nodename nor servname provided, or not known)""))"
Bolsover,https://committees.bolsover.gov.uk/mgMemberIndex.aspx?bcr=1,"HTTPSConnectionPool(host='committees.bolsover.gov.uk', port=443): Max retries exceeded with url: /mgMemberIndex.aspx?bcr=1 (Caused by NameResolutionError(""HTTPSConnection(host='committees.bolsover.gov.uk', port=443): Failed to resolve 'committees.bolsover.gov.uk' ([Errno 8] nodename nor servname provided, or not known)""))"
Bridgend,https://democratic.bridgend.gov.uk/mgMemberIndex.aspx?FN=WARD&LLL=0,"HTTPSConnectionPool(host='democratic.bridgend.gov.uk', port=443): Max retries exceeded with url: /mgMemberIndex.aspx?FN=WARD&LLL=0 (Caused by NameResolutionError(""HTTPSConnection(host='democratic.bridgend.gov.uk', port=443): Failed to resolve 'democratic.bridgend.gov.uk' ([Errno 8] nodename nor servname provided, or not known)""))"
Cambridgeshire,https://cambridgeshire.cmis.uk.com/ccc_live/Councillors.aspx,"HTTPSConnectionPool(host='cambridgeshire.cmis.uk.com', port=443): Max retries exceeded with url: /ccc_live/Councillors.aspx (Caused by NameResolutionError(""HTTPSConnection(host='cambridgeshire.cmis.uk.com', port=443): Failed to resolve 'cambridgeshire.cmis.uk.com' ([Errno 8] nodename nor servname provided, or not known)""))"
Cheshire East,https://moderngov.cheshireeast.gov.uk/ecminutes/mgMemberIndex.aspx?bcr=1,"HTTPSConnectionPool(host='moderngov.cheshireeast.gov.uk', port=443): Max retries exceeded with url: /ecminutes/mgMemberIndex.aspx?bcr=1 (Caused by NameResolutionError(""HTTPSConnection(host='moderngov.cheshireeast.gov.uk', port=443): Failed to resolve 'moderngov.cheshireeast.gov.uk' ([Errno 8] nodename nor servname provided, or not known)""))"
Cheshire West and Chester,https://cmttpublic.cheshirewestandchester.gov.uk/mgMemberIndex.aspx?bcr=1,"HTTPSConnectionPool(host='cmttpublic.cheshirewestandchester.gov.uk', port=443): Max retries exceeded with url: /mgMemberIndex.aspx?bcr=1 (Caused by NameResolutionError(""HTTPSConnection(host='cmttpublic.cheshirewestandchester.gov.uk', port=443): Failed to resolve 'cmttpublic.cheshirewestandchester.gov.uk' ([Errno 8] nodename nor servname provided, or not known)""))"
East Hertfordshire,https://democracy.eastherts.gov.uk/mgMemberIndex.aspx?bcr=1,"HTTPSConnectionPool(host='democracy.eastherts.gov.uk', port=443): Max retries exceeded with url: /mgMemberIndex.aspx?bcr=1 (Caused by NameResolutionError(""HTTPSConnection(host='democracy.eastherts.gov.uk', port=443): Failed to resolve 'democracy.eastherts.gov.uk' ([Errno 8] nodename nor servname provided, or not known)""))"
East Lindsey,https://democracy.e-lindsey.gov.uk/mgMemberIndex.aspx?bcr=1&,"HTTPSConnectionPool(host='democracy.e-lindsey.gov.uk', port=443): Max retries exceeded with url: /mgMemberIndex.aspx?bcr=1& (Caused by NameResolutionError(""HTTPSConnection(host='democracy.e-lindsey.gov.uk', port=443): Failed to resolve 'democracy.e-lindsey.gov.uk' ([Errno 8] nodename nor servname provided, or not known)""))"
East Riding of Yorkshire,https://www.eastriding.gov.uk/council/councillors-and-members-of-parliament/ward-councillors/,"HTTPSConnectionPool(host='www.eastriding.gov.uk', port=443): Max retries exceeded with url: /council/councillors-and-members-of-parliament/ward-councillors/ (Caused by NameResolutionError(""HTTPSConnection(host='www.eastriding.gov.uk', port=443): Failed to resolve 'www.eastriding.gov.uk' ([Errno 8] nodename nor servname provided, or not known)""))"
Elmbridge,https://mygov.elmbridge.gov.uk/mgMemberIndex.aspx,"HTTPSConnectionPool(host='mygov.elmbridge.gov.uk', port=443): Max retries exceeded with url: /mgMemberIndex.aspx (Caused by NameResolutionError(""HTTPSConnection(host='mygov.elmbridge.gov.uk', port=443): Failed to resolve 'mygov.elmbridge.gov.uk' ([Errno 8] nodename nor servname provided, or not known)""))"
Essex,https://www.uttlesford.gov.uk/article/5144/Essex-County-Councillors,"HTTPSConnectionPool(host='www.uttlesford.gov.uk', port=443): Max retries exceeded with url: /article/5144/Essex-County-Councillors (Caused by NameResolutionError(""HTTPSConnection(host='www.uttlesford.gov.uk', port=443): Failed to resolve 'www.uttlesford.gov.uk' ([Errno 8] nodename nor servname provided, or not known)""))"
Exeter,https://committees.exeter.gov.uk/mgMemberIndex.aspx?FN=ALPHA&VW=LIST&PIC=0,"HTTPSConnectionPool(host='committees.exeter.gov.uk', port=443): Max retries exceeded with url: /mgMemberIndex.aspx?FN=ALPHA&VW=LIST&PIC=0 (Caused by NameResolutionError(""HTTPSConnection(host='committees.exeter.gov.uk', port=443): Failed to resolve 'committees.exeter.gov.uk' ([Errno 8] nodename nor servname provided, or not known)""))"
Falkirk,https://council.falkirk.gov.uk/councillors,"HTTPSConnectionPool(host='council.falkirk.gov.uk', port=443): Max retries exceeded with url: /councillors (Caused by NameResolutionError(""HTTPSConnection(host='council.falkirk.gov.uk', port=443): Failed to resolve 'council.falkirk.gov.uk' ([Errno 8] nodename nor servname provided, or not known)""))"
Folkestone and Hythe,https://folkestone-hythe.moderngov.co.uk/mgMemberIndex.aspx?bcr=1,"HTTPSConnectionPool(host='folkestone-hythe.moderngov.co.uk', port=443): Max retries exceeded with url: /mgMemberIndex.aspx?bcr=1 (Caused by NameResolutionError(""HTTPSConnection(host='folkestone-hythe.moderngov.co.uk', port=443): Failed to resolve 'folkestone-hythe.moderngov.co.uk' ([Errno 8] nodename nor servname provided, or not known)""))"
Forest of Dean,https://forestofdeanhousing.org.uk/write/,"HTTPSConnectionPool(host='forestofdeanhousing.org.uk', port=443): Max retries exceeded with url: /write/ (Caused by NameResolutionError(""HTTPSConnection(host='forestofdeanhousing.org.uk', port=443): Failed to resolve 'forestofdeanhousing.org.uk' ([Errno 8] nodename nor servname provided, or not known)""))"
Glasgow City,https://www.glasgow.gov.uk/article/1687/Councillors-Listed-by-A-Z,"HTTPSConnectionPool(host='www.glasgow.gov.uk', port=443): Max retries exceeded with url: /article/1687/Councillors-Listed-by-A-Z (Caused by NameResolutionError(""HTTPSConnection(host='www.glasgow.gov.uk', port=443): Failed to resolve 'www.glasgow.gov.uk' ([Errno 8] nodename nor servname provided, or not known)""))"
Hartlepool,https://www.hartlepool.gov.uk/councillors,"HTTPSConnectionPool(host='www.hartlepool.gov.uk', port=443): Max retries exceeded with url: /councillors (Caused by NameResolutionError(""HTTPSConnection(host='www.hartlepool.gov.uk', port=443): Failed to resolve 'www.hartlepool.gov.uk' ([Errno 8] nodename nor servname provided, or not known)""))"
Isle of Wight,https://iow.moderngov.co.uk/mgMemberIndex.aspx?bcr=1,"HTTPSConnectionPool(host='iow.moderngov.co.uk', port=443): Max retries exceeded with url: /mgMemberIndex.aspx?bcr=1 (Caused by NameResolutionError(""HTTPSConnection(host='iow.moderngov.co.uk', port=443): Failed to resolve 'iow.moderngov.co.uk' ([Errno 8] nodename nor servname provided, or not known)""))"
King's Lynn and West Norfolk,https://democracy.west-norfolk.gov.uk/mgMemberIndex.aspx?bcr=1,"HTTPSConnectionPool(host='democracy.west-norfolk.gov.uk', port=443): Max retries exceeded with url: /mgMemberIndex.aspx?bcr=1 (Caused by NameResolutionError(""HTTPSConnection(host='democracy.west-norfolk.gov.uk', port=443): Failed to resolve 'democracy.west-norfolk.gov.uk' ([Errno 8] nodename nor servname provided, or not known)""))"
Leicestershire,https://democracy.leics.gov.uk/mgMemberIndex.aspx?bcr=1,"HTTPSConnectionPool(host='democracy.leics.gov.uk', port=443): Max retries exceeded with url: /mgMemberIndex.aspx?bcr=1 (Caused by NameResolutionError(""HTTPSConnection(host='democracy.leics.gov.uk', port=443): Failed to resolve 'democracy.leics.gov.uk' ([Errno 8] nodename nor servname provided, or not known)""))"
Newcastle-under-Lyme,https://moderngov.newcastle-staffs.gov.uk/mgMemberIndex.aspx?bcr=1%C2%A0,"HTTPSConnectionPool(host='moderngov.newcastle-staffs.gov.uk', port=443): Max retries exceeded with url: /mgMemberIndex.aspx?bcr=1%C2%A0 (Caused by NameResolutionError(""HTTPSConnection(host='moderngov.newcastle-staffs.gov.uk', port=443): Failed to resolve 'moderngov.newcastle-staffs.gov.uk' ([Errno 8] nodename nor servname provided, or not known)""))"
Norfolk,https://norfolkcc.cmis.uk.com/norfolkcc/Councillors.aspx,"HTTPSConnectionPool(host='norfolkcc.cmis.uk.com', port=443): Max retries exceeded with url: /norfolkcc/Councillors.aspx (Caused by NameResolutionError(""HTTPSConnection(host='norfolkcc.cmis.uk.com', port=443): Failed to resolve 'norfolkcc.cmis.uk.com' ([Errno 8] nodename nor servname provided, or not known)""))"
North Ayrshire,https://north-ayrshire.cmis.uk.com/north-ayrshire/Councillors/CurrentCouncillors.aspx,"HTTPSConnectionPool(host='north-ayrshire.cmis.uk.com', port=443): Max retries exceeded with url: /north-ayrshire/Councillors/CurrentCouncillors.aspx (Caused by NameResolutionError(""HTTPSConnection(host='north-ayrshire.cmis.uk.com', port=443): Failed to resolve 'north-ayrshire.cmis.uk.com' ([Errno 8] nodename nor servname provided, or not known)""))"
North East Derbyshire,https://democracy.ne-derbyshire.gov.uk/mgMemberIndex.aspx?bcr=1,"HTTPSConnectionPool(host='democracy.ne-derbyshire.gov.uk', port=443): Max retries exceeded with url: /mgMemberIndex.aspx?bcr=1 (Caused by NameResolutionError(""HTTPSConnection(host='democracy.ne-derbyshire.gov.uk', port=443): Failed to resolve 'democracy.ne-derbyshire.gov.uk' ([Errno 8] nodename nor servname provided, or not known)""))"
North East Lincolnshire,https://www.nelincs.gov.uk/your-council/councillors-mps-and-meps/find-your-councillor/councillors-by-party/,"HTTPSConnectionPool(host='www.nelincs.gov.uk', port=443): Max retries exceeded with url: /your-council/councillors-mps-and-meps/find-your-councillor/councillors-by-party/ (Caused by NameResolutionError(""HTTPSConnection(host='www.nelincs.gov.uk', port=443): Failed to resolve 'www.nelincs.gov.uk' ([Errno 8] nodename nor servname provided, or not known)""))"
North Northamptonshire,https://northnorthants.moderngov.co.uk/mgMemberIndex.aspx?bcr=1,"HTTPSConnectionPool(host='northnorthants.moderngov.co.uk', port=443): Max retries exceeded with url: /mgMemberIndex.aspx?bcr=1 (Caused by NameResolutionError(""HTTPSConnection(host='northnorthants.moderngov.co.uk', port=443): Failed to resolve 'northnorthants.moderngov.co.uk' ([Errno 8] nodename nor servname provided, or not known)""))"
North Somerset,https://n-somerset.moderngov.co.uk/mgMemberIndex.aspx?bcr=1,"HTTPSConnectionPool(host='n-somerset.moderngov.co.uk', port=443): Max retries exceeded with url: /mgMemberIndex.aspx?bcr=1 (Caused by NameResolutionError(""HTTPSConnection(host='n-somerset.moderngov.co.uk', port=443): Failed to resolve 'n-somerset.moderngov.co.uk' ([Errno 8] nodename nor servname provided, or not known)""))"
North Warwickshire,https://www.northwarks.gov.uk/councillors,"HTTPSConnectionPool(host='www.northwarks.gov.uk', port=443): Max retries exceeded with url: /councillors (Caused by NameResolutionError(""HTTPSConnection(host='www.northwarks.gov.uk', port=443): Failed to resolve 'www.northwarks.gov.uk' ([Errno 8] nodename nor servname provided, or not known)""))"
North West Leicestershire,https://minutes-1.nwleics.gov.uk/mgMemberIndex.aspx?bcr=1,"HTTPSConnectionPool(host='minutes-1.nwleics.gov.uk', port=443): Max retries exceeded with url: /mgMemberIndex.aspx?bcr=1 (Caused by NameResolutionError(""HTTPSConnection(host='minutes-1.nwleics.gov.uk', port=443): Failed to resolve 'minutes-1.nwleics.gov.uk' ([Errno 8] nodename nor servname provided, or not known)""))"
North Yorkshire,https://edemocracy.northyorks.gov.uk/mgMemberIndex.aspx?bcr=1,"HTTPSConnectionPool(host='edemocracy.northyorks.gov.uk', port=443): Max retries exceeded with url: /mgMemberIndex.aspx?bcr=1 (Caused by NameResolutionError(""HTTPSConnection(host='edemocracy.northyorks.gov.uk', port=443): Failed to resolve 'edemocracy.northyorks.gov.uk' ([Errno 8] nodename nor servname provided, or not known)""))"
Nottinghamshire,https://www.nottinghamshire.gov.uk/dms/Councillors.aspx,"HTTPSConnectionPool(host='www.nottinghamshire.gov.uk', port=443): Max retries exceeded with url: /dms/Councillors.aspx (Caused by NameResolutionError(""HTTPSConnection(host='www.nottinghamshire.gov.uk', port=443): Failed to resolve 'www.nottinghamshire.gov.uk' ([Errno 8] nodename nor servname provided, or not known)""))"
Oxfordshire,https://mycouncil.oxfordshire.gov.uk/mgMemberIndex.aspx?VW=TABLE&PIC=1&bcr=1,"HTTPSConnectionPool(host='mycouncil.oxfordshire.gov.uk', port=443): Max retries exceeded with url: /mgMemberIndex.aspx?VW=TABLE&PIC=1&bcr=1 (Caused by NameResolutionError(""HTTPSConnection(host='mycouncil.oxfordshire.gov.uk', port=443): Failed to resolve 'mycouncil.oxfordshire.gov.uk' ([Errno 8] nodename nor servname provided, or not known)""))"
Pendle,https://www.pendle.gov.uk/councillors/name,"HTTPSConnectionPool(host='www.pendle.gov.uk', port=443): Max retries exceeded with url: /councillors/name (Caused by NameResolutionError(""HTTPSConnection(host='www.pendle.gov.uk', port=443): Failed to resolve 'www.pendle.gov.uk' ([Errno 8] nodename nor servname provided, or not known)""))"
Renfrewshire,https://renfrewshire.cmis.uk.com/renfrewshire/Councillors.aspx,"HTTPSConnectionPool(host='renfrewshire.cmis.uk.com', port=443): Max retries exceeded with url: /renfrewshire/Councillors.aspx (Caused by NameResolutionError(""HTTPSConnection(host='renfrewshire.cmis.uk.com', port=443): Failed to resolve 'renfrewshire.cmis.uk.com' ([Errno 8] nodename nor servname provided, or not known)""))"
Shropshire,https://shropshire.gov.uk/committee-services/mgMemberIndex.aspx,"HTTPSConnectionPool(host='shropshire.gov.uk', port=443): Max retries exceeded with url: /committee-services/mgMemberIndex.aspx (Caused by NameResolutionError(""HTTPSConnection(host='shropshire.gov.uk', port=443): Failed to resolve 'shropshire.gov.uk' ([Errno 8] nodename nor servname provided, or not known)""))"
South Holland,https://democracy.sholland.gov.uk/mgMemberIndex.aspx?bcr=1,"HTTPSConnectionPool(host='democracy.sholland.gov.uk', port=443): Max retries exceeded with url: /mgMemberIndex.aspx?bcr=1 (Caused by NameResolutionError(""HTTPSConnection(host='democracy.sholland.gov.uk', port=443): Failed to resolve 'democracy.sholland.gov.uk' ([Errno 8] nodename nor servname provided, or not known)""))"
Southend-on-Sea,https://democracy.southend.gov.uk/mgMemberIndex.aspx?FN=WARD&VW=TABLE&PIC=1,"HTTPSConnectionPool(host='democracy.southend.gov.uk', port=443): Max retries exceeded with url: /mgMemberIndex.aspx?FN=WARD&VW=TABLE&PIC=1 (Caused by NameResolutionError(""HTTPSConnection(host='democracy.southend.gov.uk', port=443): Failed to resolve 'democracy.southend.gov.uk' ([Errno 8] nodename nor servname provided, or not known)""))"
Stratford-on-Avon,https://democracy.stratford.gov.uk/mgMemberIndex.aspx,"HTTPSConnectionPool(host='democracy.stratford.gov.uk', port=443): Max retries exceeded with url: /mgMemberIndex.aspx (Caused by NameResolutionError(""HTTPSConnection(host='democracy.stratford.gov.uk', port=443): Failed to resolve 'democracy.stratford.gov.uk' ([Errno 8] nodename nor servname provided, or not known)""))"
Suffolk,https://www.suffolk.gov.uk/council-and-democracy/councillors-and-elected-representatives/find-your-councillor,"HTTPSConnectionPool(host='www.suffolk.gov.uk', port=443): Max retries exceeded with url: /council-and-democracy/councillors-and-elected-representatives/find-your-councillor (Caused by NameResolutionError(""HTTPSConnection(host='www.suffolk.gov.uk', port=443): Failed to resolve 'www.suffolk.gov.uk' ([Errno 8] nodename nor servname provided, or not known)""))"
Tendring,https://tdcdemocracy.tendringdc.gov.uk/mgMemberIndex.aspx?FN=GROUPING&VW=LIST&PIC=0,"HTTPSConnectionPool(host='tdcdemocracy.tendringdc.gov.uk', port=443): Max retries exceeded with url: /mgMemberIndex.aspx?FN=GROUPING&VW=LIST&PIC=0 (Caused by NameResolutionError(""HTTPSConnection(host='tdcdemocracy.tendringdc.gov.uk', port=443): Failed to resolve 'tdcdemocracy.tendringdc.gov.uk' ([Errno 8] nodename nor servname provided, or not known)""))"
Torfaen,https://moderngov.torfaen.gov.uk/mgMemberIndex.aspx?bcr=1,"HTTPSConnectionPool(host='moderngov.torfaen.gov.uk', port=443): Max retries exceeded with url: /mgMemberIndex.aspx?bcr=1 (Caused by NameResolutionError(""HTTPSConnection(host='moderngov.torfaen.gov.uk', port=443): Failed to resolve 'moderngov.torfaen.gov.uk' ([Errno 8] nodename nor servname provided, or not known)""))"
West Northamptonshire,https://westnorthants.moderngov.co.uk/mgMemberindex.aspx?bcr=1,"HTTPSConnectionPool(host='westnorthants.moderngov.co.uk', port=443): Max retries exceeded with url: /mgMemberindex.aspx?bcr=1 (Caused by NameResolutionError(""HTTPSConnection(host='westnorthants.moderngov.co.uk', port=443): Failed to resolve 'westnorthants.moderngov.co.uk' ([Errno 8] nodename nor servname provided, or not known)""))"
Wiltshire,https://cms.wiltshire.gov.uk/mgMemberIndex.aspx?bcr=1,"HTTPSConnectionPool(host='cms.wiltshire.gov.uk', port=443): Max retries exceeded with url: /mgMemberIndex.aspx?bcr=1 (Caused by NameResolutionError(""HTTPSConnection(host='cms.wiltshire.gov.uk', port=443): Failed to resolve 'cms.wiltshire.gov.uk' ([Errno 8] nodename nor servname provided, or not known)""))"
Windsor and Maidenhead,https://rbwm.moderngov.co.uk/mgMemberIndex.aspx?bcr=1,"HTTPSConnectionPool(host='rbwm.moderngov.co.uk', port=443): Max retries exceeded with url: /mgMemberIndex.aspx?bcr=1 (Caused by NameResolutionError(""HTTPSConnection(host='rbwm.moderngov.co.uk', port=443): Failed to resolve 'rbwm.moderngov.co.uk' ([Errno 8] nodename nor servname provided, or not known)""))"
Worcester,https://www.worcester.gov.uk/councillors-democracy/your-city-councillors,"HTTPSConnectionPool(host='www.worcester.gov.uk', port=443): Max retries exceeded with url: /councillors-democracy/your-city-councillors (Caused by NameResolutionError(""HTTPSConnection(host='www.worcester.gov.uk', port=443): Failed to resolve 'www.worcester.gov.uk' ([Errno 8] nodename nor servname provided, or not known)""))"
